100,Marylou,Judye,Marylou.Judye@yopmail.com,Marylou.Judye@gmail.com,police officer
101,Robbi,Scammon,Robbi.Scammon@yopmail.com,Robbi.Scammon@gmail.com,firefighter
102,Shell,Delacourt,Shell.Delacourt@yopmail.com,Shell.Delacourt@gmail.com,worker
103,Jean,Hoenack,Jean.Hoenack@yopmail.com,Jean.Hoenack@gmail.com,police officer
104,Rivalee,O'Rourke,Rivalee.O'Rourke@yopmail.com,Rivalee.O'Rourke@gmail.com,worker
105,Candi,Yate,Candi.Yate@yopmail.com,Candi.Yate@gmail.com,police officer
106,Codie,Lanita,Codie.Lanita@yopmail.com,Codie.Lanita@gmail.com,firefighter
107,Jany,Fax,Jany.Fax@yopmail.com,Jany.Fax@gmail.com,developer
108,Esmeralda,Idelia,Esmeralda.Idelia@yopmail.com,Esmeralda.Idelia@gmail.com,worker
109,Trixi,Lipson,Trixi.Lipson@yopmail.com,Trixi.Lipson@gmail.com,developer
110,Melanie,Fabiola,Melanie.Fabiola@yopmail.com,Melanie.Fabiola@gmail.com,worker
111,Jsandye,Roumell,Jsandye.Roumell@yopmail.com,Jsandye.Roumell@gmail.com,doctor
112,Harmonia,Carri,Harmonia.Carri@yopmail.com,Harmonia.Carri@gmail.com,police officer
113,Sean,Tamar,Sean.Tamar@yopmail.com,Sean.Tamar@gmail.com,police officer
114,Agnese,Lane,Agnese.Lane@yopmail.com,Agnese.Lane@gmail.com,developer
115,Concettina,Pettiford,Concettina.Pettiford@yopmail.com,Concettina.Pettiford@gmail.com,developer
116,Hannis,Pandolfi,Hannis.Pandolfi@yopmail.com,Hannis.Pandolfi@gmail.com,firefighter
117,Devina,Morgun,Devina.Morgun@yopmail.com,Devina.Morgun@gmail.com,firefighter
118,Albertina,Docilla,Albertina.Docilla@yopmail.com,Albertina.Docilla@gmail.com,firefighter
119,Moyna,Kiyoshi,Moyna.Kiyoshi@yopmail.com,Moyna.Kiyoshi@gmail.com,worker
120,Glenda,Rocray,Glenda.Rocray@yopmail.com,Glenda.Rocray@gmail.com,firefighter
121,Laurene,Ariella,Laurene.Ariella@yopmail.com,Laurene.Ariella@gmail.com,developer
122,Ketti,Telfer,Ketti.Telfer@yopmail.com,Ketti.Telfer@gmail.com,developer
123,Steffane,Atonsah,Steffane.Atonsah@yopmail.com,Steffane.Atonsah@gmail.com,police officer
124,Cathyleen,Dannye,Cathyleen.Dannye@yopmail.com,Cathyleen.Dannye@gmail.com,police officer
125,Tressa,Prouty,Tressa.Prouty@yopmail.com,Tressa.Prouty@gmail.com,doctor
126,Fanny,Edison,Fanny.Edison@yopmail.com,Fanny.Edison@gmail.com,doctor
127,Tani,Mott,Tani.Mott@yopmail.com,Tani.Mott@gmail.com,firefighter
128,Rebeca,Adamsen,Rebeca.Adamsen@yopmail.com,Rebeca.Adamsen@gmail.com,firefighter
129,Brietta,Irmine,Brietta.Irmine@yopmail.com,Brietta.Irmine@gmail.com,police officer
130,Blondelle,Yam,Blondelle.Yam@yopmail.com,Blondelle.Yam@gmail.com,developer
131,Dione,Klotz,Dione.Klotz@yopmail.com,Dione.Klotz@gmail.com,developer
132,Starla,Vittoria,Starla.Vittoria@yopmail.com,Starla.Vittoria@gmail.com,police officer
133,Meriel,Swigart,Meriel.Swigart@yopmail.com,Meriel.Swigart@gmail.com,developer
134,Miquela,Mendez,Miquela.Mendez@yopmail.com,Miquela.Mendez@gmail.com,police officer
135,Luci,Geffner,Luci.Geffner@yopmail.com,Luci.Geffner@gmail.com,police officer
136,Ardenia,Ethban,Ardenia.Ethban@yopmail.com,Ardenia.Ethban@gmail.com,doctor
137,Kittie,Horan,Kittie.Horan@yopmail.com,Kittie.Horan@gmail.com,firefighter
138,Pierette,Erskine,Pierette.Erskine@yopmail.com,Pierette.Erskine@gmail.com,worker
139,Anestassia,Percy,Anestassia.Percy@yopmail.com,Anestassia.Percy@gmail.com,worker
140,Ernesta,Engdahl,Ernesta.Engdahl@yopmail.com,Ernesta.Engdahl@gmail.com,doctor
141,Vanessa,Giule,Vanessa.Giule@yopmail.com,Vanessa.Giule@gmail.com,doctor
142,Ann-Marie,Blase,Ann-Marie.Blase@yopmail.com,Ann-Marie.Blase@gmail.com,firefighter
143,Annabela,Hourigan,Annabela.Hourigan@yopmail.com,Annabela.Hourigan@gmail.com,developer
144,Lynea,Erb,Lynea.Erb@yopmail.com,Lynea.Erb@gmail.com,firefighter
145,Aryn,Sawtelle,Aryn.Sawtelle@yopmail.com,Aryn.Sawtelle@gmail.com,doctor
146,Kaja,Natalia,Kaja.Natalia@yopmail.com,Kaja.Natalia@gmail.com,developer
147,Katharina,Georgy,Katharina.Georgy@yopmail.com,Katharina.Georgy@gmail.com,worker
148,Carol-Jean,Arathorn,Carol-Jean.Arathorn@yopmail.com,Carol-Jean.Arathorn@gmail.com,firefighter
149,Nannie,Joni,Nannie.Joni@yopmail.com,Nannie.Joni@gmail.com,police officer
150,Justinn,Wilona,Justinn.Wilona@yopmail.com,Justinn.Wilona@gmail.com,doctor
151,Dawn,Caitlin,Dawn.Caitlin@yopmail.com,Dawn.Caitlin@gmail.com,firefighter
152,Briney,Fry,Briney.Fry@yopmail.com,Briney.Fry@gmail.com,developer
153,Marcelline,Loeb,Marcelline.Loeb@yopmail.com,Marcelline.Loeb@gmail.com,police officer
154,Kassey,Harned,Kassey.Harned@yopmail.com,Kassey.Harned@gmail.com,worker
155,Moyna,Phyllis,Moyna.Phyllis@yopmail.com,Moyna.Phyllis@gmail.com,police officer
156,Odessa,Richers,Odessa.Richers@yopmail.com,Odessa.Richers@gmail.com,developer
157,Glenda,Blase,Glenda.Blase@yopmail.com,Glenda.Blase@gmail.com,doctor
158,Agathe,Roarke,Agathe.Roarke@yopmail.com,Agathe.Roarke@gmail.com,police officer
159,Lily,Morrill,Lily.Morrill@yopmail.com,Lily.Morrill@gmail.com,doctor
160,Evita,Keelia,Evita.Keelia@yopmail.com,Evita.Keelia@gmail.com,developer
161,Devina,Dorcy,Devina.Dorcy@yopmail.com,Devina.Dorcy@gmail.com,doctor
162,Verla,Ariella,Verla.Ariella@yopmail.com,Verla.Ariella@gmail.com,firefighter
163,Lusa,Wyn,Lusa.Wyn@yopmail.com,Lusa.Wyn@gmail.com,developer
164,Jennica,Vittoria,Jennica.Vittoria@yopmail.com,Jennica.Vittoria@gmail.com,developer
165,Belva,Pernick,Belva.Pernick@yopmail.com,Belva.Pernick@gmail.com,developer
166,Mathilda,Ilka,Mathilda.Ilka@yopmail.com,Mathilda.Ilka@gmail.com,police officer
167,Ann-Marie,Muriel,Ann-Marie.Muriel@yopmail.com,Ann-Marie.Muriel@gmail.com,doctor
168,Fanny,Chaing,Fanny.Chaing@yopmail.com,Fanny.Chaing@gmail.com,developer
169,Tamqrah,Cutlerr,Tamqrah.Cutlerr@yopmail.com,Tamqrah.Cutlerr@gmail.com,worker
170,Mariele,Haldas,Mariele.Haldas@yopmail.com,Mariele.Haldas@gmail.com,police officer
171,Emylee,Sadowski,Emylee.Sadowski@yopmail.com,Emylee.Sadowski@gmail.com,firefighter
172,Sindee,Rosette,Sindee.Rosette@yopmail.com,Sindee.Rosette@gmail.com,police officer
173,Marleah,Philipp,Marleah.Philipp@yopmail.com,Marleah.Philipp@gmail.com,firefighter
174,Inga,Ailyn,Inga.Ailyn@yopmail.com,Inga.Ailyn@gmail.com,police officer
175,Dacia,Braun,Dacia.Braun@yopmail.com,Dacia.Braun@gmail.com,doctor
176,Lucille,Howlyn,Lucille.Howlyn@yopmail.com,Lucille.Howlyn@gmail.com,doctor
177,Lucille,Paton,Lucille.Paton@yopmail.com,Lucille.Paton@gmail.com,firefighter
178,Verla,Cassius,Verla.Cassius@yopmail.com,Verla.Cassius@gmail.com,police officer
179,Tilly,Zola,Tilly.Zola@yopmail.com,Tilly.Zola@gmail.com,firefighter
180,Danika,Noelyn,Danika.Noelyn@yopmail.com,Danika.Noelyn@gmail.com,worker
181,Carlie,Briney,Carlie.Briney@yopmail.com,Carlie.Briney@gmail.com,developer
182,Dorothy,Jehu,Dorothy.Jehu@yopmail.com,Dorothy.Jehu@gmail.com,police officer
183,Emylee,Pitt,Emylee.Pitt@yopmail.com,Emylee.Pitt@gmail.com,developer
184,Jordan,Edison,Jordan.Edison@yopmail.com,Jordan.Edison@gmail.com,doctor
185,Margalo,Braun,Margalo.Braun@yopmail.com,Margalo.Braun@gmail.com,developer
186,Micheline,Adore,Micheline.Adore@yopmail.com,Micheline.Adore@gmail.com,worker
187,Paulita,Doig,Paulita.Doig@yopmail.com,Paulita.Doig@gmail.com,doctor
188,Carlie,Leffen,Carlie.Leffen@yopmail.com,Carlie.Leffen@gmail.com,police officer
189,Bobbi,Mich,Bobbi.Mich@yopmail.com,Bobbi.Mich@gmail.com,doctor
190,Cordi,Means,Cordi.Means@yopmail.com,Cordi.Means@gmail.com,developer
191,Brooks,Hieronymus,Brooks.Hieronymus@yopmail.com,Brooks.Hieronymus@gmail.com,firefighter
192,Kathy,Standing,Kathy.Standing@yopmail.com,Kathy.Standing@gmail.com,worker
193,Gianina,Plato,Gianina.Plato@yopmail.com,Gianina.Plato@gmail.com,firefighter
194,Maud,Rese,Maud.Rese@yopmail.com,Maud.Rese@gmail.com,firefighter
195,Iseabal,Pandolfi,Iseabal.Pandolfi@yopmail.com,Iseabal.Pandolfi@gmail.com,police officer
196,Aurore,Obed,Aurore.Obed@yopmail.com,Aurore.Obed@gmail.com,worker
197,Lesly,Aprile,Lesly.Aprile@yopmail.com,Lesly.Aprile@gmail.com,developer
198,Gisela,Gamaliel,Gisela.Gamaliel@yopmail.com,Gisela.Gamaliel@gmail.com,police officer
199,Jessy,Deny,Jessy.Deny@yopmail.com,Jessy.Deny@gmail.com,doctor
200,Brynna,Dowski,Brynna.Dowski@yopmail.com,Brynna.Dowski@gmail.com,police officer
201,Berget,Bakerman,Berget.Bakerman@yopmail.com,Berget.Bakerman@gmail.com,police officer
202,Deedee,Byrne,Deedee.Byrne@yopmail.com,Deedee.Byrne@gmail.com,police officer
203,Lita,McClimans,Lita.McClimans@yopmail.com,Lita.McClimans@gmail.com,developer
204,Belva,Concha,Belva.Concha@yopmail.com,Belva.Concha@gmail.com,police officer
205,Jeanna,Jehu,Jeanna.Jehu@yopmail.com,Jeanna.Jehu@gmail.com,firefighter
206,Esmeralda,Dichy,Esmeralda.Dichy@yopmail.com,Esmeralda.Dichy@gmail.com,doctor
207,Jacenta,Maurine,Jacenta.Maurine@yopmail.com,Jacenta.Maurine@gmail.com,police officer
208,Halette,Kenney,Halette.Kenney@yopmail.com,Halette.Kenney@gmail.com,developer
209,Ayn,Plato,Ayn.Plato@yopmail.com,Ayn.Plato@gmail.com,worker
210,Beverley,Honoria,Beverley.Honoria@yopmail.com,Beverley.Honoria@gmail.com,developer
211,Nariko,Cath,Nariko.Cath@yopmail.com,Nariko.Cath@gmail.com,worker
212,Viviene,Bivins,Viviene.Bivins@yopmail.com,Viviene.Bivins@gmail.com,doctor
213,Winny,Ariella,Winny.Ariella@yopmail.com,Winny.Ariella@gmail.com,doctor
214,Joane,Wind,Joane.Wind@yopmail.com,Joane.Wind@gmail.com,worker
215,Alyda,Georgy,Alyda.Georgy@yopmail.com,Alyda.Georgy@gmail.com,firefighter
216,Sandie,Wittie,Sandie.Wittie@yopmail.com,Sandie.Wittie@gmail.com,developer
217,Carlie,Rooney,Carlie.Rooney@yopmail.com,Carlie.Rooney@gmail.com,police officer
218,Nariko,Yate,Nariko.Yate@yopmail.com,Nariko.Yate@gmail.com,firefighter
219,Priscilla,Katrine,Priscilla.Katrine@yopmail.com,Priscilla.Katrine@gmail.com,doctor
220,Marcy,Darian,Marcy.Darian@yopmail.com,Marcy.Darian@gmail.com,firefighter
221,Beatriz,Dimitris,Beatriz.Dimitris@yopmail.com,Beatriz.Dimitris@gmail.com,developer
222,Ninnetta,Kathie,Ninnetta.Kathie@yopmail.com,Ninnetta.Kathie@gmail.com,firefighter
223,Annabela,Natica,Annabela.Natica@yopmail.com,Annabela.Natica@gmail.com,developer
224,Elie,Riordan,Elie.Riordan@yopmail.com,Elie.Riordan@gmail.com,worker
225,Viviene,Roche,Viviene.Roche@yopmail.com,Viviene.Roche@gmail.com,developer
226,Mary,Shanley,Mary.Shanley@yopmail.com,Mary.Shanley@gmail.com,worker
227,Cindelyn,Tice,Cindelyn.Tice@yopmail.com,Cindelyn.Tice@gmail.com,worker
228,Rhea,Giule,Rhea.Giule@yopmail.com,Rhea.Giule@gmail.com,police officer
229,Maryellen,Trinetta,Maryellen.Trinetta@yopmail.com,Maryellen.Trinetta@gmail.com,police officer
230,Claresta,Kenwood,Claresta.Kenwood@yopmail.com,Claresta.Kenwood@gmail.com,developer
231,Karlee,Arathorn,Karlee.Arathorn@yopmail.com,Karlee.Arathorn@gmail.com,police officer
232,Valli,Freddi,Valli.Freddi@yopmail.com,Valli.Freddi@gmail.com,developer
233,Donnie,Curren,Donnie.Curren@yopmail.com,Donnie.Curren@gmail.com,developer
234,Cherrita,Colp,Cherrita.Colp@yopmail.com,Cherrita.Colp@gmail.com,firefighter
235,Jacquetta,Leary,Jacquetta.Leary@yopmail.com,Jacquetta.Leary@gmail.com,firefighter
236,Dari,McLaughlin,Dari.McLaughlin@yopmail.com,Dari.McLaughlin@gmail.com,doctor
237,Tatiania,Phyllis,Tatiania.Phyllis@yopmail.com,Tatiania.Phyllis@gmail.com,police officer
238,Aryn,Koziara,Aryn.Koziara@yopmail.com,Aryn.Koziara@gmail.com,police officer
239,Meriel,Allare,Meriel.Allare@yopmail.com,Meriel.Allare@gmail.com,firefighter
240,Cyb,Gamaliel,Cyb.Gamaliel@yopmail.com,Cyb.Gamaliel@gmail.com,police officer
241,Willetta,Avi,Willetta.Avi@yopmail.com,Willetta.Avi@gmail.com,doctor
242,Nannie,Barrus,Nannie.Barrus@yopmail.com,Nannie.Barrus@gmail.com,worker
243,Elise,Bach,Elise.Bach@yopmail.com,Elise.Bach@gmail.com,worker
244,Ezmeralda,Wiener,Ezmeralda.Wiener@yopmail.com,Ezmeralda.Wiener@gmail.com,police officer
245,Rosanne,Chandler,Rosanne.Chandler@yopmail.com,Rosanne.Chandler@gmail.com,firefighter
246,Christal,Ophelia,Christal.Ophelia@yopmail.com,Christal.Ophelia@gmail.com,developer
247,Deedee,Hepsibah,Deedee.Hepsibah@yopmail.com,Deedee.Hepsibah@gmail.com,developer
248,Stephanie,Latini,Stephanie.Latini@yopmail.com,Stephanie.Latini@gmail.com,police officer
249,Roxane,Dituri,Roxane.Dituri@yopmail.com,Roxane.Dituri@gmail.com,worker
250,Jobi,Kendrick,Jobi.Kendrick@yopmail.com,Jobi.Kendrick@gmail.com,doctor
251,Joelly,Jagir,Joelly.Jagir@yopmail.com,Joelly.Jagir@gmail.com,firefighter
252,Rozele,Lareena,Rozele.Lareena@yopmail.com,Rozele.Lareena@gmail.com,developer
253,Shell,Khorma,Shell.Khorma@yopmail.com,Shell.Khorma@gmail.com,firefighter
254,Pollyanna,Chapland,Pollyanna.Chapland@yopmail.com,Pollyanna.Chapland@gmail.com,police officer
255,Janeczka,Ephrem,Janeczka.Ephrem@yopmail.com,Janeczka.Ephrem@gmail.com,worker
256,Karena,Phi,Karena.Phi@yopmail.com,Karena.Phi@gmail.com,firefighter
257,Charlena,Mintz,Charlena.Mintz@yopmail.com,Charlena.Mintz@gmail.com,police officer
258,Neila,Georgy,Neila.Georgy@yopmail.com,Neila.Georgy@gmail.com,firefighter
259,Reeba,Loleta,Reeba.Loleta@yopmail.com,Reeba.Loleta@gmail.com,developer
260,Amara,Cherianne,Amara.Cherianne@yopmail.com,Amara.Cherianne@gmail.com,worker
261,Corina,Autrey,Corina.Autrey@yopmail.com,Corina.Autrey@gmail.com,doctor
262,Livvyy,Vilma,Livvyy.Vilma@yopmail.com,Livvyy.Vilma@gmail.com,worker
263,Aubrie,Bartlett,Aubrie.Bartlett@yopmail.com,Aubrie.Bartlett@gmail.com,police officer
264,Tressa,Tyson,Tressa.Tyson@yopmail.com,Tressa.Tyson@gmail.com,worker
265,Fidelia,Drisko,Fidelia.Drisko@yopmail.com,Fidelia.Drisko@gmail.com,firefighter
266,Priscilla,Garrison,Priscilla.Garrison@yopmail.com,Priscilla.Garrison@gmail.com,doctor
267,Danny,Chauncey,Danny.Chauncey@yopmail.com,Danny.Chauncey@gmail.com,developer
268,Lenna,Elo,Lenna.Elo@yopmail.com,Lenna.Elo@gmail.com,developer
269,Aaren,Wandie,Aaren.Wandie@yopmail.com,Aaren.Wandie@gmail.com,developer
270,Dulcinea,Masao,Dulcinea.Masao@yopmail.com,Dulcinea.Masao@gmail.com,firefighter
271,Gertrud,Wilkinson,Gertrud.Wilkinson@yopmail.com,Gertrud.Wilkinson@gmail.com,police officer
272,Teddie,Ezar,Teddie.Ezar@yopmail.com,Teddie.Ezar@gmail.com,police officer
273,Chickie,Iphlgenia,Chickie.Iphlgenia@yopmail.com,Chickie.Iphlgenia@gmail.com,developer
274,Karena,Barbey,Karena.Barbey@yopmail.com,Karena.Barbey@gmail.com,police officer
275,Zondra,Agle,Zondra.Agle@yopmail.com,Zondra.Agle@gmail.com,firefighter
276,Jere,Means,Jere.Means@yopmail.com,Jere.Means@gmail.com,firefighter
277,Lusa,Dosia,Lusa.Dosia@yopmail.com,Lusa.Dosia@gmail.com,police officer
278,Chere,Hutchison,Chere.Hutchison@yopmail.com,Chere.Hutchison@gmail.com,police officer
279,Dyann,Carri,Dyann.Carri@yopmail.com,Dyann.Carri@gmail.com,developer
280,Pierette,Diann,Pierette.Diann@yopmail.com,Pierette.Diann@gmail.com,doctor
281,Winny,Sheng,Winny.Sheng@yopmail.com,Winny.Sheng@gmail.com,developer
282,Roslyn,Anyah,Roslyn.Anyah@yopmail.com,Roslyn.Anyah@gmail.com,worker
283,Marcelline,Bevin,Marcelline.Bevin@yopmail.com,Marcelline.Bevin@gmail.com,doctor
284,Kimberley,Adrienne,Kimberley.Adrienne@yopmail.com,Kimberley.Adrienne@gmail.com,worker
285,Marnia,Tufts,Marnia.Tufts@yopmail.com,Marnia.Tufts@gmail.com,police officer
286,Donnie,Eckblad,Donnie.Eckblad@yopmail.com,Donnie.Eckblad@gmail.com,police officer
287,Yvonne,Fabiola,Yvonne.Fabiola@yopmail.com,Yvonne.Fabiola@gmail.com,developer
288,Lita,Zola,Lita.Zola@yopmail.com,Lita.Zola@gmail.com,police officer
289,Elsie,Knowling,Elsie.Knowling@yopmail.com,Elsie.Knowling@gmail.com,firefighter
290,Fred,Loleta,Fred.Loleta@yopmail.com,Fred.Loleta@gmail.com,developer
291,Sissy,Eachern,Sissy.Eachern@yopmail.com,Sissy.Eachern@gmail.com,police officer
292,Tilly,Kare,Tilly.Kare@yopmail.com,Tilly.Kare@gmail.com,police officer
293,Imojean,Mendez,Imojean.Mendez@yopmail.com,Imojean.Mendez@gmail.com,worker
294,Kerrin,Faust,Kerrin.Faust@yopmail.com,Kerrin.Faust@gmail.com,developer
295,Debee,Dom,Debee.Dom@yopmail.com,Debee.Dom@gmail.com,developer
296,Dawn,Judye,Dawn.Judye@yopmail.com,Dawn.Judye@gmail.com,developer
297,Sarette,Fairweather,Sarette.Fairweather@yopmail.com,Sarette.Fairweather@gmail.com,developer
298,Fina,Lenny,Fina.Lenny@yopmail.com,Fina.Lenny@gmail.com,doctor
299,Valera,Junie,Valera.Junie@yopmail.com,Valera.Junie@gmail.com,worker
300,Natka,Lacombe,Natka.Lacombe@yopmail.com,Natka.Lacombe@gmail.com,developer
301,Karolina,Shama,Karolina.Shama@yopmail.com,Karolina.Shama@gmail.com,developer
302,Karly,Kelula,Karly.Kelula@yopmail.com,Karly.Kelula@gmail.com,developer
303,Brynna,Creamer,Brynna.Creamer@yopmail.com,Brynna.Creamer@gmail.com,police officer
304,Cherilyn,Ehrman,Cherilyn.Ehrman@yopmail.com,Cherilyn.Ehrman@gmail.com,developer
305,Lulita,Agle,Lulita.Agle@yopmail.com,Lulita.Agle@gmail.com,worker
306,Madeleine,Uund,Madeleine.Uund@yopmail.com,Madeleine.Uund@gmail.com,doctor
307,Linet,Amadas,Linet.Amadas@yopmail.com,Linet.Amadas@gmail.com,developer
308,Melina,Marlie,Melina.Marlie@yopmail.com,Melina.Marlie@gmail.com,police officer
309,Babita,Tristram,Babita.Tristram@yopmail.com,Babita.Tristram@gmail.com,worker
310,Courtnay,Carlson,Courtnay.Carlson@yopmail.com,Courtnay.Carlson@gmail.com,developer
311,Chickie,Bartlett,Chickie.Bartlett@yopmail.com,Chickie.Bartlett@gmail.com,developer
312,Margalo,Celestine,Margalo.Celestine@yopmail.com,Margalo.Celestine@gmail.com,doctor
313,Flory,Klotz,Flory.Klotz@yopmail.com,Flory.Klotz@gmail.com,firefighter
314,Nita,Strephon,Nita.Strephon@yopmail.com,Nita.Strephon@gmail.com,developer
315,Kimberley,Halla,Kimberley.Halla@yopmail.com,Kimberley.Halla@gmail.com,police officer
316,Heddie,Fulmer,Heddie.Fulmer@yopmail.com,Heddie.Fulmer@gmail.com,police officer
317,Aimil,Belanger,Aimil.Belanger@yopmail.com,Aimil.Belanger@gmail.com,developer
318,Drucie,Harned,Drucie.Harned@yopmail.com,Drucie.Harned@gmail.com,firefighter
319,Celene,Greenwald,Celene.Greenwald@yopmail.com,Celene.Greenwald@gmail.com,doctor
320,Fredericka,Koziara,Fredericka.Koziara@yopmail.com,Fredericka.Koziara@gmail.com,firefighter
321,Elka,Bartlett,Elka.Bartlett@yopmail.com,Elka.Bartlett@gmail.com,doctor
322,Lynde,Fax,Lynde.Fax@yopmail.com,Lynde.Fax@gmail.com,worker
323,Lulita,Gaynor,Lulita.Gaynor@yopmail.com,Lulita.Gaynor@gmail.com,doctor
324,Josephine,O'Carroll,Josephine.O'Carroll@yopmail.com,Josephine.O'Carroll@gmail.com,doctor
325,Christy,Edison,Christy.Edison@yopmail.com,Christy.Edison@gmail.com,doctor
326,Merry,Solitta,Merry.Solitta@yopmail.com,Merry.Solitta@gmail.com,developer
327,Leanna,Sherrie,Leanna.Sherrie@yopmail.com,Leanna.Sherrie@gmail.com,developer
328,Karolina,Nedrud,Karolina.Nedrud@yopmail.com,Karolina.Nedrud@gmail.com,police officer
329,Danny,Brandice,Danny.Brandice@yopmail.com,Danny.Brandice@gmail.com,doctor
330,Frances,Yam,Frances.Yam@yopmail.com,Frances.Yam@gmail.com,police officer
331,Loree,Andrel,Loree.Andrel@yopmail.com,Loree.Andrel@gmail.com,police officer
332,Celestyna,Elisha,Celestyna.Elisha@yopmail.com,Celestyna.Elisha@gmail.com,firefighter
333,Riannon,Kirstin,Riannon.Kirstin@yopmail.com,Riannon.Kirstin@gmail.com,developer
334,Agnese,Shanley,Agnese.Shanley@yopmail.com,Agnese.Shanley@gmail.com,police officer
335,Jere,Gunn,Jere.Gunn@yopmail.com,Jere.Gunn@gmail.com,developer
336,Ethel,Bonilla,Ethel.Bonilla@yopmail.com,Ethel.Bonilla@gmail.com,developer
337,Gilligan,Sekofski,Gilligan.Sekofski@yopmail.com,Gilligan.Sekofski@gmail.com,police officer
338,Dawn,Melleta,Dawn.Melleta@yopmail.com,Dawn.Melleta@gmail.com,developer
339,Latisha,Haymes,Latisha.Haymes@yopmail.com,Latisha.Haymes@gmail.com,worker
340,Rhea,Kauppi,Rhea.Kauppi@yopmail.com,Rhea.Kauppi@gmail.com,developer
341,Jeanna,Hunfredo,Jeanna.Hunfredo@yopmail.com,Jeanna.Hunfredo@gmail.com,worker
342,Philis,Kylander,Philis.Kylander@yopmail.com,Philis.Kylander@gmail.com,worker
343,Doralynne,Lilas,Doralynne.Lilas@yopmail.com,Doralynne.Lilas@gmail.com,worker
344,Rayna,Cleavland,Rayna.Cleavland@yopmail.com,Rayna.Cleavland@gmail.com,developer
345,Estell,Raychel,Estell.Raychel@yopmail.com,Estell.Raychel@gmail.com,firefighter
346,Nessie,Ellerey,Nessie.Ellerey@yopmail.com,Nessie.Ellerey@gmail.com,firefighter
347,Krystle,Ferrell,Krystle.Ferrell@yopmail.com,Krystle.Ferrell@gmail.com,firefighter
348,Dorice,Annabella,Dorice.Annabella@yopmail.com,Dorice.Annabella@gmail.com,firefighter
349,Amii,Chem,Amii.Chem@yopmail.com,Amii.Chem@gmail.com,worker
350,Sashenka,Ferino,Sashenka.Ferino@yopmail.com,Sashenka.Ferino@gmail.com,worker
351,Natka,Turne,Natka.Turne@yopmail.com,Natka.Turne@gmail.com,worker
352,Magdalena,Giule,Magdalena.Giule@yopmail.com,Magdalena.Giule@gmail.com,doctor
353,Lorenza,Madelene,Lorenza.Madelene@yopmail.com,Lorenza.Madelene@gmail.com,developer
354,Ethel,Dahlia,Ethel.Dahlia@yopmail.com,Ethel.Dahlia@gmail.com,firefighter
355,Hyacinthe,Sperling,Hyacinthe.Sperling@yopmail.com,Hyacinthe.Sperling@gmail.com,developer
356,Lenna,Cecile,Lenna.Cecile@yopmail.com,Lenna.Cecile@gmail.com,worker
357,Rani,Hilbert,Rani.Hilbert@yopmail.com,Rani.Hilbert@gmail.com,doctor
358,Lorenza,Reneta,Lorenza.Reneta@yopmail.com,Lorenza.Reneta@gmail.com,doctor
359,Arlina,Fairweather,Arlina.Fairweather@yopmail.com,Arlina.Fairweather@gmail.com,developer
360,Roz,Bebe,Roz.Bebe@yopmail.com,Roz.Bebe@gmail.com,worker
361,Brena,Merna,Brena.Merna@yopmail.com,Brena.Merna@gmail.com,developer
362,Lucille,Jary,Lucille.Jary@yopmail.com,Lucille.Jary@gmail.com,worker
363,Gusty,Ioab,Gusty.Ioab@yopmail.com,Gusty.Ioab@gmail.com,worker
364,Dania,Bord,Dania.Bord@yopmail.com,Dania.Bord@gmail.com,police officer
365,Lusa,Penelopa,Lusa.Penelopa@yopmail.com,Lusa.Penelopa@gmail.com,firefighter
366,Shauna,Bury,Shauna.Bury@yopmail.com,Shauna.Bury@gmail.com,doctor
367,Grier,Lindemann,Grier.Lindemann@yopmail.com,Grier.Lindemann@gmail.com,doctor
368,Benita,Rese,Benita.Rese@yopmail.com,Benita.Rese@gmail.com,worker
369,Coral,Madox,Coral.Madox@yopmail.com,Coral.Madox@gmail.com,firefighter
370,Karly,Weide,Karly.Weide@yopmail.com,Karly.Weide@gmail.com,developer
371,Donetta,Regan,Donetta.Regan@yopmail.com,Donetta.Regan@gmail.com,worker
372,Yvonne,Lucienne,Yvonne.Lucienne@yopmail.com,Yvonne.Lucienne@gmail.com,worker
373,Regina,Sophronia,Regina.Sophronia@yopmail.com,Regina.Sophronia@gmail.com,worker
374,Aimil,Lasley,Aimil.Lasley@yopmail.com,Aimil.Lasley@gmail.com,developer
375,Ninnetta,Montgomery,Ninnetta.Montgomery@yopmail.com,Ninnetta.Montgomery@gmail.com,developer
376,Jacenta,Alrich,Jacenta.Alrich@yopmail.com,Jacenta.Alrich@gmail.com,police officer
377,Courtnay,Ambrosia,Courtnay.Ambrosia@yopmail.com,Courtnay.Ambrosia@gmail.com,worker
378,Marcelline,McClimans,Marcelline.McClimans@yopmail.com,Marcelline.McClimans@gmail.com,developer
379,Lucille,Sandye,Lucille.Sandye@yopmail.com,Lucille.Sandye@gmail.com,firefighter
380,Zsa Zsa,Schroth,Zsa Zsa.Schroth@yopmail.com,Zsa Zsa.Schroth@gmail.com,firefighter
381,Phylis,Berl,Phylis.Berl@yopmail.com,Phylis.Berl@gmail.com,firefighter
382,Jessy,Artie,Jessy.Artie@yopmail.com,Jessy.Artie@gmail.com,doctor
383,Daphne,Kussell,Daphne.Kussell@yopmail.com,Daphne.Kussell@gmail.com,worker
384,Gavrielle,Grayce,Gavrielle.Grayce@yopmail.com,Gavrielle.Grayce@gmail.com,developer
385,Donnie,Philoo,Donnie.Philoo@yopmail.com,Donnie.Philoo@gmail.com,worker
386,Starla,Buffum,Starla.Buffum@yopmail.com,Starla.Buffum@gmail.com,worker
387,Cathie,Diann,Cathie.Diann@yopmail.com,Cathie.Diann@gmail.com,police officer
388,Barbi,Cottle,Barbi.Cottle@yopmail.com,Barbi.Cottle@gmail.com,developer
389,Raf,Hanleigh,Raf.Hanleigh@yopmail.com,Raf.Hanleigh@gmail.com,worker
390,Mireielle,Noman,Mireielle.Noman@yopmail.com,Mireielle.Noman@gmail.com,worker
391,Rhea,Birdella,Rhea.Birdella@yopmail.com,Rhea.Birdella@gmail.com,developer
392,Ada,Drisko,Ada.Drisko@yopmail.com,Ada.Drisko@gmail.com,doctor
393,Nelle,Lubin,Nelle.Lubin@yopmail.com,Nelle.Lubin@gmail.com,firefighter
394,Sabina,August,Sabina.August@yopmail.com,Sabina.August@gmail.com,developer
395,Grier,Fleeta,Grier.Fleeta@yopmail.com,Grier.Fleeta@gmail.com,developer
396,Minne,Eno,Minne.Eno@yopmail.com,Minne.Eno@gmail.com,worker
397,Dyann,Percy,Dyann.Percy@yopmail.com,Dyann.Percy@gmail.com,doctor
398,Rosene,Francyne,Rosene.Francyne@yopmail.com,Rosene.Francyne@gmail.com,firefighter
399,Brooks,Helve,Brooks.Helve@yopmail.com,Brooks.Helve@gmail.com,developer
400,Josephine,Saunderson,Josephine.Saunderson@yopmail.com,Josephine.Saunderson@gmail.com,firefighter
401,Rivalee,Barbey,Rivalee.Barbey@yopmail.com,Rivalee.Barbey@gmail.com,firefighter
402,Alleen,Vanni,Alleen.Vanni@yopmail.com,Alleen.Vanni@gmail.com,doctor
403,Beth,Cleavland,Beth.Cleavland@yopmail.com,Beth.Cleavland@gmail.com,worker
404,Amii,Atonsah,Amii.Atonsah@yopmail.com,Amii.Atonsah@gmail.com,firefighter
405,Xylina,Raimondo,Xylina.Raimondo@yopmail.com,Xylina.Raimondo@gmail.com,doctor
406,Allis,Egbert,Allis.Egbert@yopmail.com,Allis.Egbert@gmail.com,firefighter
407,Mireielle,Raffo,Mireielle.Raffo@yopmail.com,Mireielle.Raffo@gmail.com,developer
408,Alyda,Briney,Alyda.Briney@yopmail.com,Alyda.Briney@gmail.com,worker
409,Joane,Iaverne,Joane.Iaverne@yopmail.com,Joane.Iaverne@gmail.com,developer
410,Charissa,Chesna,Charissa.Chesna@yopmail.com,Charissa.Chesna@gmail.com,doctor
411,Elise,Fadiman,Elise.Fadiman@yopmail.com,Elise.Fadiman@gmail.com,doctor
412,Emma,Rona,Emma.Rona@yopmail.com,Emma.Rona@gmail.com,developer
413,Cathyleen,Anis,Cathyleen.Anis@yopmail.com,Cathyleen.Anis@gmail.com,police officer
414,Dorthy,Alva,Dorthy.Alva@yopmail.com,Dorthy.Alva@gmail.com,developer
415,Florencia,McLaughlin,Florencia.McLaughlin@yopmail.com,Florencia.McLaughlin@gmail.com,doctor
416,Di,Durante,Di.Durante@yopmail.com,Di.Durante@gmail.com,developer
417,Dulcinea,Alabaster,Dulcinea.Alabaster@yopmail.com,Dulcinea.Alabaster@gmail.com,worker
418,Letizia,Schlosser,Letizia.Schlosser@yopmail.com,Letizia.Schlosser@gmail.com,police officer
419,Brooks,Bobbee,Brooks.Bobbee@yopmail.com,Brooks.Bobbee@gmail.com,police officer
420,Ruthe,Ardra,Ruthe.Ardra@yopmail.com,Ruthe.Ardra@gmail.com,worker
421,Margette,Vanni,Margette.Vanni@yopmail.com,Margette.Vanni@gmail.com,firefighter
422,Desirae,Solitta,Desirae.Solitta@yopmail.com,Desirae.Solitta@gmail.com,firefighter
423,Michaelina,Suanne,Michaelina.Suanne@yopmail.com,Michaelina.Suanne@gmail.com,firefighter
424,Barbara,Phyllis,Barbara.Phyllis@yopmail.com,Barbara.Phyllis@gmail.com,worker
425,Reeba,Kinnard,Reeba.Kinnard@yopmail.com,Reeba.Kinnard@gmail.com,worker
426,Morganica,Santoro,Morganica.Santoro@yopmail.com,Morganica.Santoro@gmail.com,doctor
427,Bill,Bahr,Bill.Bahr@yopmail.com,Bill.Bahr@gmail.com,worker
428,Cristabel,Agle,Cristabel.Agle@yopmail.com,Cristabel.Agle@gmail.com,firefighter
429,Maridel,Morgun,Maridel.Morgun@yopmail.com,Maridel.Morgun@gmail.com,doctor
430,Penelopa,Malina,Penelopa.Malina@yopmail.com,Penelopa.Malina@gmail.com,worker
431,Belinda,Kylander,Belinda.Kylander@yopmail.com,Belinda.Kylander@gmail.com,firefighter
432,Laure,Kylander,Laure.Kylander@yopmail.com,Laure.Kylander@gmail.com,developer
433,Emilia,Oneida,Emilia.Oneida@yopmail.com,Emilia.Oneida@gmail.com,worker
434,Lanna,Niccolo,Lanna.Niccolo@yopmail.com,Lanna.Niccolo@gmail.com,doctor
435,Cathyleen,Briney,Cathyleen.Briney@yopmail.com,Cathyleen.Briney@gmail.com,police officer
436,Liana,Raimondo,Liana.Raimondo@yopmail.com,Liana.Raimondo@gmail.com,developer
437,Damaris,Sholley,Damaris.Sholley@yopmail.com,Damaris.Sholley@gmail.com,firefighter
438,Sidoney,Bronk,Sidoney.Bronk@yopmail.com,Sidoney.Bronk@gmail.com,police officer
439,Stevana,Rosette,Stevana.Rosette@yopmail.com,Stevana.Rosette@gmail.com,worker
440,Perry,Eckblad,Perry.Eckblad@yopmail.com,Perry.Eckblad@gmail.com,doctor
441,Kellen,Lacombe,Kellen.Lacombe@yopmail.com,Kellen.Lacombe@gmail.com,police officer
442,Micheline,Sammons,Micheline.Sammons@yopmail.com,Micheline.Sammons@gmail.com,doctor
443,Aurelie,Harned,Aurelie.Harned@yopmail.com,Aurelie.Harned@gmail.com,firefighter
444,Flory,Podvin,Flory.Podvin@yopmail.com,Flory.Podvin@gmail.com,developer
445,Jaime,Baylor,Jaime.Baylor@yopmail.com,Jaime.Baylor@gmail.com,police officer
446,Misha,Quent,Misha.Quent@yopmail.com,Misha.Quent@gmail.com,developer
447,Nariko,Sprage,Nariko.Sprage@yopmail.com,Nariko.Sprage@gmail.com,police officer
448,Layla,Serilda,Layla.Serilda@yopmail.com,Layla.Serilda@gmail.com,doctor
449,Sophia,Meter,Sophia.Meter@yopmail.com,Sophia.Meter@gmail.com,worker
450,Sarette,Tiffa,Sarette.Tiffa@yopmail.com,Sarette.Tiffa@gmail.com,worker
451,Zondra,Kat,Zondra.Kat@yopmail.com,Zondra.Kat@gmail.com,doctor
452,Juliane,Belldas,Juliane.Belldas@yopmail.com,Juliane.Belldas@gmail.com,developer
453,Vita,Helve,Vita.Helve@yopmail.com,Vita.Helve@gmail.com,worker
454,Ada,Maroney,Ada.Maroney@yopmail.com,Ada.Maroney@gmail.com,police officer
455,Clementine,Alexandr,Clementine.Alexandr@yopmail.com,Clementine.Alexandr@gmail.com,developer
456,Donetta,Kesley,Donetta.Kesley@yopmail.com,Donetta.Kesley@gmail.com,doctor
457,Lauryn,Lauraine,Lauryn.Lauraine@yopmail.com,Lauryn.Lauraine@gmail.com,firefighter
458,Bobbi,Naor,Bobbi.Naor@yopmail.com,Bobbi.Naor@gmail.com,doctor
459,Elmira,Krystle,Elmira.Krystle@yopmail.com,Elmira.Krystle@gmail.com,doctor
460,Alia,Lilas,Alia.Lilas@yopmail.com,Alia.Lilas@gmail.com,worker
461,Nickie,Raffo,Nickie.Raffo@yopmail.com,Nickie.Raffo@gmail.com,police officer
462,Celene,Percy,Celene.Percy@yopmail.com,Celene.Percy@gmail.com,doctor
463,Trixi,Kussell,Trixi.Kussell@yopmail.com,Trixi.Kussell@gmail.com,firefighter
464,Ileana,Clarissa,Ileana.Clarissa@yopmail.com,Ileana.Clarissa@gmail.com,worker
465,Jennica,Devlen,Jennica.Devlen@yopmail.com,Jennica.Devlen@gmail.com,police officer
466,Penelopa,Brandice,Penelopa.Brandice@yopmail.com,Penelopa.Brandice@gmail.com,developer
467,Claudina,Dulciana,Claudina.Dulciana@yopmail.com,Claudina.Dulciana@gmail.com,worker
468,Petronia,Carmena,Petronia.Carmena@yopmail.com,Petronia.Carmena@gmail.com,doctor
469,Sean,Natica,Sean.Natica@yopmail.com,Sean.Natica@gmail.com,firefighter
470,Aigneis,Allare,Aigneis.Allare@yopmail.com,Aigneis.Allare@gmail.com,firefighter
471,Dianemarie,Wyn,Dianemarie.Wyn@yopmail.com,Dianemarie.Wyn@gmail.com,worker
472,Lolita,Lenny,Lolita.Lenny@yopmail.com,Lolita.Lenny@gmail.com,doctor
473,Alejandra,Tyson,Alejandra.Tyson@yopmail.com,Alejandra.Tyson@gmail.com,doctor
474,Sandie,Linehan,Sandie.Linehan@yopmail.com,Sandie.Linehan@gmail.com,police officer
475,Blake,Thornburg,Blake.Thornburg@yopmail.com,Blake.Thornburg@gmail.com,worker
476,Marline,Ingra,Marline.Ingra@yopmail.com,Marline.Ingra@gmail.com,doctor
477,Damaris,Belanger,Damaris.Belanger@yopmail.com,Damaris.Belanger@gmail.com,developer
478,Janeczka,Gino,Janeczka.Gino@yopmail.com,Janeczka.Gino@gmail.com,doctor
479,Ronna,Bearnard,Ronna.Bearnard@yopmail.com,Ronna.Bearnard@gmail.com,developer
480,Kirbee,Erich,Kirbee.Erich@yopmail.com,Kirbee.Erich@gmail.com,doctor
481,Agathe,Hilbert,Agathe.Hilbert@yopmail.com,Agathe.Hilbert@gmail.com,developer
482,Fina,Garrison,Fina.Garrison@yopmail.com,Fina.Garrison@gmail.com,developer
483,Dorothy,Ambrosia,Dorothy.Ambrosia@yopmail.com,Dorothy.Ambrosia@gmail.com,firefighter
484,Sabina,Toffic,Sabina.Toffic@yopmail.com,Sabina.Toffic@gmail.com,police officer
485,June,Kellby,June.Kellby@yopmail.com,June.Kellby@gmail.com,worker
486,Nikki,Artie,Nikki.Artie@yopmail.com,Nikki.Artie@gmail.com,doctor
487,Stephanie,Eldrid,Stephanie.Eldrid@yopmail.com,Stephanie.Eldrid@gmail.com,developer
488,Corina,Garek,Corina.Garek@yopmail.com,Corina.Garek@gmail.com,developer
489,Shaylyn,Mintz,Shaylyn.Mintz@yopmail.com,Shaylyn.Mintz@gmail.com,firefighter
490,Miquela,Thad,Miquela.Thad@yopmail.com,Miquela.Thad@gmail.com,doctor
491,Celene,Zitvaa,Celene.Zitvaa@yopmail.com,Celene.Zitvaa@gmail.com,worker
492,Randa,Drus,Randa.Drus@yopmail.com,Randa.Drus@gmail.com,worker
493,Margarette,Harday,Margarette.Harday@yopmail.com,Margarette.Harday@gmail.com,developer
494,Ruthe,Reinke,Ruthe.Reinke@yopmail.com,Ruthe.Reinke@gmail.com,police officer
495,Leanna,Judye,Leanna.Judye@yopmail.com,Leanna.Judye@gmail.com,firefighter
496,Ursulina,Podvin,Ursulina.Podvin@yopmail.com,Ursulina.Podvin@gmail.com,police officer
497,Bernie,Eliathas,Bernie.Eliathas@yopmail.com,Bernie.Eliathas@gmail.com,doctor
498,Penelopa,Gusella,Penelopa.Gusella@yopmail.com,Penelopa.Gusella@gmail.com,developer
499,Vere,Goddard,Vere.Goddard@yopmail.com,Vere.Goddard@gmail.com,police officer
500,Josephine,Schwejda,Josephine.Schwejda@yopmail.com,Josephine.Schwejda@gmail.com,doctor
501,Joceline,Burkle,Joceline.Burkle@yopmail.com,Joceline.Burkle@gmail.com,developer
502,Atlanta,Hoban,Atlanta.Hoban@yopmail.com,Atlanta.Hoban@gmail.com,developer
503,Roxane,Dunkin,Roxane.Dunkin@yopmail.com,Roxane.Dunkin@gmail.com,doctor
504,Ethel,Angelis,Ethel.Angelis@yopmail.com,Ethel.Angelis@gmail.com,worker
505,Daphne,Estella,Daphne.Estella@yopmail.com,Daphne.Estella@gmail.com,firefighter
506,Lanna,Colleen,Lanna.Colleen@yopmail.com,Lanna.Colleen@gmail.com,firefighter
507,Caritta,Vacuva,Caritta.Vacuva@yopmail.com,Caritta.Vacuva@gmail.com,firefighter
508,Dolli,Philipp,Dolli.Philipp@yopmail.com,Dolli.Philipp@gmail.com,developer
509,Lulita,Nance,Lulita.Nance@yopmail.com,Lulita.Nance@gmail.com,doctor
510,Chastity,Stilwell,Chastity.Stilwell@yopmail.com,Chastity.Stilwell@gmail.com,developer
511,Alejandra,Rocray,Alejandra.Rocray@yopmail.com,Alejandra.Rocray@gmail.com,developer
512,Ericka,Durante,Ericka.Durante@yopmail.com,Ericka.Durante@gmail.com,doctor
513,Dacia,Charmine,Dacia.Charmine@yopmail.com,Dacia.Charmine@gmail.com,doctor
514,Jordan,Gaulin,Jordan.Gaulin@yopmail.com,Jordan.Gaulin@gmail.com,developer
515,Danika,Garek,Danika.Garek@yopmail.com,Danika.Garek@gmail.com,developer
516,Paulita,Center,Paulita.Center@yopmail.com,Paulita.Center@gmail.com,worker
517,Imojean,Rosemary,Imojean.Rosemary@yopmail.com,Imojean.Rosemary@gmail.com,worker
518,Jacquetta,Karna,Jacquetta.Karna@yopmail.com,Jacquetta.Karna@gmail.com,doctor
519,Delilah,Kronfeld,Delilah.Kronfeld@yopmail.com,Delilah.Kronfeld@gmail.com,police officer
520,Lonnie,Agle,Lonnie.Agle@yopmail.com,Lonnie.Agle@gmail.com,doctor
521,Rosaline,Baudin,Rosaline.Baudin@yopmail.com,Rosaline.Baudin@gmail.com,firefighter
522,Fredericka,Tippets,Fredericka.Tippets@yopmail.com,Fredericka.Tippets@gmail.com,worker
523,Giustina,Lesley,Giustina.Lesley@yopmail.com,Giustina.Lesley@gmail.com,developer
524,Farrah,Maurine,Farrah.Maurine@yopmail.com,Farrah.Maurine@gmail.com,firefighter
525,Layla,Olnee,Layla.Olnee@yopmail.com,Layla.Olnee@gmail.com,doctor
526,Melodie,Hamil,Melodie.Hamil@yopmail.com,Melodie.Hamil@gmail.com,doctor
527,Lita,Abernon,Lita.Abernon@yopmail.com,Lita.Abernon@gmail.com,police officer
528,Minda,Paton,Minda.Paton@yopmail.com,Minda.Paton@gmail.com,worker
529,Morganica,Timon,Morganica.Timon@yopmail.com,Morganica.Timon@gmail.com,developer
530,Karena,Brian,Karena.Brian@yopmail.com,Karena.Brian@gmail.com,worker
531,Sandie,Jerold,Sandie.Jerold@yopmail.com,Sandie.Jerold@gmail.com,police officer
532,Susette,Hewitt,Susette.Hewitt@yopmail.com,Susette.Hewitt@gmail.com,police officer
533,Ardenia,Jenness,Ardenia.Jenness@yopmail.com,Ardenia.Jenness@gmail.com,developer
534,Rori,Tillford,Rori.Tillford@yopmail.com,Rori.Tillford@gmail.com,developer
535,Iseabal,Huggins,Iseabal.Huggins@yopmail.com,Iseabal.Huggins@gmail.com,worker
536,Nataline,Kiyoshi,Nataline.Kiyoshi@yopmail.com,Nataline.Kiyoshi@gmail.com,developer
537,Arabel,Hathaway,Arabel.Hathaway@yopmail.com,Arabel.Hathaway@gmail.com,worker
538,Addia,Means,Addia.Means@yopmail.com,Addia.Means@gmail.com,developer
539,Flory,Morgun,Flory.Morgun@yopmail.com,Flory.Morgun@gmail.com,doctor
540,Collen,Herrera,Collen.Herrera@yopmail.com,Collen.Herrera@gmail.com,developer
541,Zia,Maisey,Zia.Maisey@yopmail.com,Zia.Maisey@gmail.com,police officer
542,Halette,Voletta,Halette.Voletta@yopmail.com,Halette.Voletta@gmail.com,doctor
543,Cristine,Shirberg,Cristine.Shirberg@yopmail.com,Cristine.Shirberg@gmail.com,developer
544,Edyth,Kiersten,Edyth.Kiersten@yopmail.com,Edyth.Kiersten@gmail.com,firefighter
545,Gabi,Mehalek,Gabi.Mehalek@yopmail.com,Gabi.Mehalek@gmail.com,developer
546,Arabel,Peg,Arabel.Peg@yopmail.com,Arabel.Peg@gmail.com,firefighter
547,Viki,Helve,Viki.Helve@yopmail.com,Viki.Helve@gmail.com,firefighter
548,Rochette,Burkle,Rochette.Burkle@yopmail.com,Rochette.Burkle@gmail.com,doctor
549,Cam,Aloise,Cam.Aloise@yopmail.com,Cam.Aloise@gmail.com,doctor
550,Nita,Gavrila,Nita.Gavrila@yopmail.com,Nita.Gavrila@gmail.com,police officer
551,Nyssa,Clywd,Nyssa.Clywd@yopmail.com,Nyssa.Clywd@gmail.com,developer
552,Heida,Alcott,Heida.Alcott@yopmail.com,Heida.Alcott@gmail.com,worker
553,Nikki,Hunfredo,Nikki.Hunfredo@yopmail.com,Nikki.Hunfredo@gmail.com,worker
554,Drucie,Arne,Drucie.Arne@yopmail.com,Drucie.Arne@gmail.com,worker
555,Cristine,Carleen,Cristine.Carleen@yopmail.com,Cristine.Carleen@gmail.com,developer
556,Shandie,Hurley,Shandie.Hurley@yopmail.com,Shandie.Hurley@gmail.com,developer
557,Almeta,Libna,Almeta.Libna@yopmail.com,Almeta.Libna@gmail.com,worker
558,Lindie,Yerkovich,Lindie.Yerkovich@yopmail.com,Lindie.Yerkovich@gmail.com,doctor
559,Aimil,Bow,Aimil.Bow@yopmail.com,Aimil.Bow@gmail.com,developer
560,Katuscha,Mullane,Katuscha.Mullane@yopmail.com,Katuscha.Mullane@gmail.com,doctor
561,Asia,Pyle,Asia.Pyle@yopmail.com,Asia.Pyle@gmail.com,firefighter
562,Gerrie,Vharat,Gerrie.Vharat@yopmail.com,Gerrie.Vharat@gmail.com,worker
563,Etta,Gerge,Etta.Gerge@yopmail.com,Etta.Gerge@gmail.com,firefighter
564,Elvira,Joni,Elvira.Joni@yopmail.com,Elvira.Joni@gmail.com,doctor
565,Roseline,Lymann,Roseline.Lymann@yopmail.com,Roseline.Lymann@gmail.com,worker
566,Kerrin,Douglass,Kerrin.Douglass@yopmail.com,Kerrin.Douglass@gmail.com,doctor
567,Joceline,Torray,Joceline.Torray@yopmail.com,Joceline.Torray@gmail.com,doctor
568,Amara,Israeli,Amara.Israeli@yopmail.com,Amara.Israeli@gmail.com,worker
569,Nessie,Ezar,Nessie.Ezar@yopmail.com,Nessie.Ezar@gmail.com,doctor
570,Pierette,Dyche,Pierette.Dyche@yopmail.com,Pierette.Dyche@gmail.com,developer
571,Noelle,Colyer,Noelle.Colyer@yopmail.com,Noelle.Colyer@gmail.com,worker
572,Mariann,Meter,Mariann.Meter@yopmail.com,Mariann.Meter@gmail.com,worker
573,Jenilee,Garrison,Jenilee.Garrison@yopmail.com,Jenilee.Garrison@gmail.com,firefighter
574,Meg,Pillsbury,Meg.Pillsbury@yopmail.com,Meg.Pillsbury@gmail.com,developer
575,Renie,Lasley,Renie.Lasley@yopmail.com,Renie.Lasley@gmail.com,doctor
576,Rayna,Elsinore,Rayna.Elsinore@yopmail.com,Rayna.Elsinore@gmail.com,developer
577,Lyssa,Tamar,Lyssa.Tamar@yopmail.com,Lyssa.Tamar@gmail.com,worker
578,Dagmar,Ferrell,Dagmar.Ferrell@yopmail.com,Dagmar.Ferrell@gmail.com,police officer
579,Nannie,Graig,Nannie.Graig@yopmail.com,Nannie.Graig@gmail.com,firefighter
580,Luci,Plato,Luci.Plato@yopmail.com,Luci.Plato@gmail.com,worker
581,Feliza,Elbertina,Feliza.Elbertina@yopmail.com,Feliza.Elbertina@gmail.com,firefighter
582,Winny,Turne,Winny.Turne@yopmail.com,Winny.Turne@gmail.com,developer
583,Ashlee,Iaverne,Ashlee.Iaverne@yopmail.com,Ashlee.Iaverne@gmail.com,firefighter
584,Celisse,Amethist,Celisse.Amethist@yopmail.com,Celisse.Amethist@gmail.com,worker
585,Andree,Jalbert,Andree.Jalbert@yopmail.com,Andree.Jalbert@gmail.com,firefighter
586,Wilma,Karna,Wilma.Karna@yopmail.com,Wilma.Karna@gmail.com,firefighter
587,Shaylyn,Fillbert,Shaylyn.Fillbert@yopmail.com,Shaylyn.Fillbert@gmail.com,firefighter
588,Lenna,Nore,Lenna.Nore@yopmail.com,Lenna.Nore@gmail.com,developer
589,Jolyn,Darbie,Jolyn.Darbie@yopmail.com,Jolyn.Darbie@gmail.com,developer
590,Nickie,Sawtelle,Nickie.Sawtelle@yopmail.com,Nickie.Sawtelle@gmail.com,developer
591,Ashlee,Bennie,Ashlee.Bennie@yopmail.com,Ashlee.Bennie@gmail.com,doctor
592,Mara,Edvard,Mara.Edvard@yopmail.com,Mara.Edvard@gmail.com,developer
593,Konstance,Levey,Konstance.Levey@yopmail.com,Konstance.Levey@gmail.com,firefighter
594,Gilligan,Kinnard,Gilligan.Kinnard@yopmail.com,Gilligan.Kinnard@gmail.com,firefighter
595,Ida,Cyrie,Ida.Cyrie@yopmail.com,Ida.Cyrie@gmail.com,developer
596,Sissy,Timon,Sissy.Timon@yopmail.com,Sissy.Timon@gmail.com,police officer
597,Agathe,Zrike,Agathe.Zrike@yopmail.com,Agathe.Zrike@gmail.com,doctor
598,Clarice,Kiyoshi,Clarice.Kiyoshi@yopmail.com,Clarice.Kiyoshi@gmail.com,doctor
599,Roxane,Palocz,Roxane.Palocz@yopmail.com,Roxane.Palocz@gmail.com,worker
600,Oona,Leary,Oona.Leary@yopmail.com,Oona.Leary@gmail.com,developer
601,Gratia,Israeli,Gratia.Israeli@yopmail.com,Gratia.Israeli@gmail.com,police officer
602,Myrtice,Corabella,Myrtice.Corabella@yopmail.com,Myrtice.Corabella@gmail.com,police officer
603,Asia,Ruvolo,Asia.Ruvolo@yopmail.com,Asia.Ruvolo@gmail.com,developer
604,Xylina,Joni,Xylina.Joni@yopmail.com,Xylina.Joni@gmail.com,police officer
605,Clementine,Callista,Clementine.Callista@yopmail.com,Clementine.Callista@gmail.com,developer
606,Benita,Carvey,Benita.Carvey@yopmail.com,Benita.Carvey@gmail.com,firefighter
607,Fidelia,Laverne,Fidelia.Laverne@yopmail.com,Fidelia.Laverne@gmail.com,police officer
608,Claresta,Grimbly,Claresta.Grimbly@yopmail.com,Claresta.Grimbly@gmail.com,doctor
609,Hayley,Trace,Hayley.Trace@yopmail.com,Hayley.Trace@gmail.com,worker
610,Marcy,Talia,Marcy.Talia@yopmail.com,Marcy.Talia@gmail.com,firefighter
611,Sharlene,Robertson,Sharlene.Robertson@yopmail.com,Sharlene.Robertson@gmail.com,worker
612,Bertine,Cavan,Bertine.Cavan@yopmail.com,Bertine.Cavan@gmail.com,firefighter
613,Agnese,Ferrell,Agnese.Ferrell@yopmail.com,Agnese.Ferrell@gmail.com,developer
614,Abbie,Sparhawk,Abbie.Sparhawk@yopmail.com,Abbie.Sparhawk@gmail.com,doctor
615,Brianna,Lory,Brianna.Lory@yopmail.com,Brianna.Lory@gmail.com,firefighter
616,Hildegaard,Marcellus,Hildegaard.Marcellus@yopmail.com,Hildegaard.Marcellus@gmail.com,developer
617,Halette,Odell,Halette.Odell@yopmail.com,Halette.Odell@gmail.com,firefighter
618,Ronna,Turne,Ronna.Turne@yopmail.com,Ronna.Turne@gmail.com,firefighter
619,Loree,Brandice,Loree.Brandice@yopmail.com,Loree.Brandice@gmail.com,police officer
620,Larine,Fiester,Larine.Fiester@yopmail.com,Larine.Fiester@gmail.com,worker
621,Lory,Adamsen,Lory.Adamsen@yopmail.com,Lory.Adamsen@gmail.com,police officer
622,Ardys,Old,Ardys.Old@yopmail.com,Ardys.Old@gmail.com,developer
623,Cacilie,Dermott,Cacilie.Dermott@yopmail.com,Cacilie.Dermott@gmail.com,firefighter
624,Dode,Ellerey,Dode.Ellerey@yopmail.com,Dode.Ellerey@gmail.com,doctor
625,Pierette,Oscar,Pierette.Oscar@yopmail.com,Pierette.Oscar@gmail.com,developer
626,Dale,Truc,Dale.Truc@yopmail.com,Dale.Truc@gmail.com,doctor
627,Clarice,Rodmann,Clarice.Rodmann@yopmail.com,Clarice.Rodmann@gmail.com,developer
628,Florencia,Tufts,Florencia.Tufts@yopmail.com,Florencia.Tufts@gmail.com,worker
629,Merrie,Yam,Merrie.Yam@yopmail.com,Merrie.Yam@gmail.com,developer
630,Mara,Trinetta,Mara.Trinetta@yopmail.com,Mara.Trinetta@gmail.com,police officer
631,Johna,Wolfgram,Johna.Wolfgram@yopmail.com,Johna.Wolfgram@gmail.com,police officer
632,Agathe,Romelda,Agathe.Romelda@yopmail.com,Agathe.Romelda@gmail.com,worker
633,Margarette,Ackerley,Margarette.Ackerley@yopmail.com,Margarette.Ackerley@gmail.com,doctor
634,Cristine,Chick,Cristine.Chick@yopmail.com,Cristine.Chick@gmail.com,police officer
635,Tierney,Philipp,Tierney.Philipp@yopmail.com,Tierney.Philipp@gmail.com,police officer
636,Ofilia,Roche,Ofilia.Roche@yopmail.com,Ofilia.Roche@gmail.com,worker
637,Sadie,Sundin,Sadie.Sundin@yopmail.com,Sadie.Sundin@gmail.com,worker
638,Eadie,Ciro,Eadie.Ciro@yopmail.com,Eadie.Ciro@gmail.com,firefighter
639,Gratia,Dimitris,Gratia.Dimitris@yopmail.com,Gratia.Dimitris@gmail.com,doctor
640,Thalia,Creamer,Thalia.Creamer@yopmail.com,Thalia.Creamer@gmail.com,worker
641,Lynnea,Faro,Lynnea.Faro@yopmail.com,Lynnea.Faro@gmail.com,worker
642,Amii,Garek,Amii.Garek@yopmail.com,Amii.Garek@gmail.com,doctor
643,Cecile,Harday,Cecile.Harday@yopmail.com,Cecile.Harday@gmail.com,doctor
644,Anallese,Hailee,Anallese.Hailee@yopmail.com,Anallese.Hailee@gmail.com,firefighter
645,Ann-Marie,Zuzana,Ann-Marie.Zuzana@yopmail.com,Ann-Marie.Zuzana@gmail.com,worker
646,Lita,Libna,Lita.Libna@yopmail.com,Lita.Libna@gmail.com,worker
647,Nannie,Bendick,Nannie.Bendick@yopmail.com,Nannie.Bendick@gmail.com,worker
648,Ellette,Percy,Ellette.Percy@yopmail.com,Ellette.Percy@gmail.com,developer
649,Nataline,Chauncey,Nataline.Chauncey@yopmail.com,Nataline.Chauncey@gmail.com,doctor
650,Oralee,Durante,Oralee.Durante@yopmail.com,Oralee.Durante@gmail.com,developer
651,Rayna,Harday,Rayna.Harday@yopmail.com,Rayna.Harday@gmail.com,firefighter
652,Ethel,Stanwood,Ethel.Stanwood@yopmail.com,Ethel.Stanwood@gmail.com,doctor
653,Roberta,Deegan,Roberta.Deegan@yopmail.com,Roberta.Deegan@gmail.com,police officer
654,Alameda,Yam,Alameda.Yam@yopmail.com,Alameda.Yam@gmail.com,doctor
655,Dione,Cutlerr,Dione.Cutlerr@yopmail.com,Dione.Cutlerr@gmail.com,doctor
656,Clo,Leffen,Clo.Leffen@yopmail.com,Clo.Leffen@gmail.com,doctor
657,Elie,Ader,Elie.Ader@yopmail.com,Elie.Ader@gmail.com,doctor
658,Mildrid,Linehan,Mildrid.Linehan@yopmail.com,Mildrid.Linehan@gmail.com,doctor
659,Rhea,Merat,Rhea.Merat@yopmail.com,Rhea.Merat@gmail.com,developer
660,Madelle,Middleton,Madelle.Middleton@yopmail.com,Madelle.Middleton@gmail.com,doctor
661,Ada,Pitt,Ada.Pitt@yopmail.com,Ada.Pitt@gmail.com,doctor
662,Leia,Waite,Leia.Waite@yopmail.com,Leia.Waite@gmail.com,worker
663,Estell,Kylander,Estell.Kylander@yopmail.com,Estell.Kylander@gmail.com,worker
664,Shauna,Durware,Shauna.Durware@yopmail.com,Shauna.Durware@gmail.com,developer
665,Gisela,Lareena,Gisela.Lareena@yopmail.com,Gisela.Lareena@gmail.com,worker
666,Orelia,Jacinda,Orelia.Jacinda@yopmail.com,Orelia.Jacinda@gmail.com,developer
667,Elmira,Pelagias,Elmira.Pelagias@yopmail.com,Elmira.Pelagias@gmail.com,worker
668,Blinni,Israeli,Blinni.Israeli@yopmail.com,Blinni.Israeli@gmail.com,doctor
669,Tierney,Mehalek,Tierney.Mehalek@yopmail.com,Tierney.Mehalek@gmail.com,firefighter
670,Kary,Beniamino,Kary.Beniamino@yopmail.com,Kary.Beniamino@gmail.com,doctor
671,Lynnea,Jagir,Lynnea.Jagir@yopmail.com,Lynnea.Jagir@gmail.com,doctor
672,Di,Joachim,Di.Joachim@yopmail.com,Di.Joachim@gmail.com,worker
673,Margette,Publia,Margette.Publia@yopmail.com,Margette.Publia@gmail.com,police officer
674,Shel,Screens,Shel.Screens@yopmail.com,Shel.Screens@gmail.com,worker
675,Hettie,Buckler,Hettie.Buckler@yopmail.com,Hettie.Buckler@gmail.com,doctor
676,Paule,Shelba,Paule.Shelba@yopmail.com,Paule.Shelba@gmail.com,doctor
677,Gavrielle,Phaidra,Gavrielle.Phaidra@yopmail.com,Gavrielle.Phaidra@gmail.com,police officer
678,Ariela,Pyle,Ariela.Pyle@yopmail.com,Ariela.Pyle@gmail.com,developer
679,Mallory,Anyah,Mallory.Anyah@yopmail.com,Mallory.Anyah@gmail.com,police officer
680,Ellette,Bartlett,Ellette.Bartlett@yopmail.com,Ellette.Bartlett@gmail.com,developer
681,Arlena,Sasnett,Arlena.Sasnett@yopmail.com,Arlena.Sasnett@gmail.com,police officer
682,Zia,Gusella,Zia.Gusella@yopmail.com,Zia.Gusella@gmail.com,firefighter
683,Fayre,McGrody,Fayre.McGrody@yopmail.com,Fayre.McGrody@gmail.com,worker
684,Gale,Braun,Gale.Braun@yopmail.com,Gale.Braun@gmail.com,developer
685,Beatriz,Malvino,Beatriz.Malvino@yopmail.com,Beatriz.Malvino@gmail.com,doctor
686,Konstance,Rad,Konstance.Rad@yopmail.com,Konstance.Rad@gmail.com,worker
687,Aryn,Vittoria,Aryn.Vittoria@yopmail.com,Aryn.Vittoria@gmail.com,doctor
688,Penelopa,Timon,Penelopa.Timon@yopmail.com,Penelopa.Timon@gmail.com,police officer
689,Ellette,Ventre,Ellette.Ventre@yopmail.com,Ellette.Ventre@gmail.com,developer
690,Tamqrah,Pascia,Tamqrah.Pascia@yopmail.com,Tamqrah.Pascia@gmail.com,developer
691,Lita,Sidonius,Lita.Sidonius@yopmail.com,Lita.Sidonius@gmail.com,doctor
692,Farrah,Reneta,Farrah.Reneta@yopmail.com,Farrah.Reneta@gmail.com,developer
693,Augustine,Waldron,Augustine.Waldron@yopmail.com,Augustine.Waldron@gmail.com,firefighter
694,Arabel,Freddi,Arabel.Freddi@yopmail.com,Arabel.Freddi@gmail.com,developer
695,Mary,Jena,Mary.Jena@yopmail.com,Mary.Jena@gmail.com,developer
696,Trudie,Egbert,Trudie.Egbert@yopmail.com,Trudie.Egbert@gmail.com,police officer
697,Millie,Lesley,Millie.Lesley@yopmail.com,Millie.Lesley@gmail.com,developer
698,Carmencita,Kazimir,Carmencita.Kazimir@yopmail.com,Carmencita.Kazimir@gmail.com,worker
699,Sidoney,Fosque,Sidoney.Fosque@yopmail.com,Sidoney.Fosque@gmail.com,police officer
700,Marguerite,Colbert,Marguerite.Colbert@yopmail.com,Marguerite.Colbert@gmail.com,worker
701,Yvonne,Saint,Yvonne.Saint@yopmail.com,Yvonne.Saint@gmail.com,worker
702,Darlleen,Wilkinson,Darlleen.Wilkinson@yopmail.com,Darlleen.Wilkinson@gmail.com,doctor
703,Ofilia,Tatianas,Ofilia.Tatianas@yopmail.com,Ofilia.Tatianas@gmail.com,doctor
704,Danika,Kylander,Danika.Kylander@yopmail.com,Danika.Kylander@gmail.com,firefighter
705,Brana,Argus,Brana.Argus@yopmail.com,Brana.Argus@gmail.com,developer
706,Tobe,Nore,Tobe.Nore@yopmail.com,Tobe.Nore@gmail.com,firefighter
707,Leona,Lamoree,Leona.Lamoree@yopmail.com,Leona.Lamoree@gmail.com,worker
708,Joelly,Letsou,Joelly.Letsou@yopmail.com,Joelly.Letsou@gmail.com,developer
709,Lynea,Wallis,Lynea.Wallis@yopmail.com,Lynea.Wallis@gmail.com,worker
710,Susette,Dominy,Susette.Dominy@yopmail.com,Susette.Dominy@gmail.com,developer
711,Roxane,Poppy,Roxane.Poppy@yopmail.com,Roxane.Poppy@gmail.com,doctor
712,Jan,Baudin,Jan.Baudin@yopmail.com,Jan.Baudin@gmail.com,worker
713,Eolanda,Hamil,Eolanda.Hamil@yopmail.com,Eolanda.Hamil@gmail.com,worker
714,Chickie,Alcott,Chickie.Alcott@yopmail.com,Chickie.Alcott@gmail.com,police officer
715,Krystle,Buffum,Krystle.Buffum@yopmail.com,Krystle.Buffum@gmail.com,worker
716,Willetta,Carri,Willetta.Carri@yopmail.com,Willetta.Carri@gmail.com,doctor
717,Althea,Buffum,Althea.Buffum@yopmail.com,Althea.Buffum@gmail.com,developer
718,Shel,Campball,Shel.Campball@yopmail.com,Shel.Campball@gmail.com,worker
719,Genevra,Peg,Genevra.Peg@yopmail.com,Genevra.Peg@gmail.com,police officer
720,Ricky,Whiffen,Ricky.Whiffen@yopmail.com,Ricky.Whiffen@gmail.com,worker
721,Althea,Chobot,Althea.Chobot@yopmail.com,Althea.Chobot@gmail.com,police officer
722,Karlee,Belldas,Karlee.Belldas@yopmail.com,Karlee.Belldas@gmail.com,doctor
723,Farrah,Freddi,Farrah.Freddi@yopmail.com,Farrah.Freddi@gmail.com,firefighter
724,Cathie,Gilbertson,Cathie.Gilbertson@yopmail.com,Cathie.Gilbertson@gmail.com,worker
725,Ivett,Eiser,Ivett.Eiser@yopmail.com,Ivett.Eiser@gmail.com,worker
726,Elora,Nadia,Elora.Nadia@yopmail.com,Elora.Nadia@gmail.com,developer
727,Karly,Barney,Karly.Barney@yopmail.com,Karly.Barney@gmail.com,police officer
728,Edyth,Kalinda,Edyth.Kalinda@yopmail.com,Edyth.Kalinda@gmail.com,firefighter
729,Carilyn,Minetta,Carilyn.Minetta@yopmail.com,Carilyn.Minetta@gmail.com,doctor
730,Calla,Flyn,Calla.Flyn@yopmail.com,Calla.Flyn@gmail.com,developer
731,Silvana,Hermes,Silvana.Hermes@yopmail.com,Silvana.Hermes@gmail.com,firefighter
732,Mariann,Charity,Mariann.Charity@yopmail.com,Mariann.Charity@gmail.com,developer
733,Constance,Skurnik,Constance.Skurnik@yopmail.com,Constance.Skurnik@gmail.com,developer
734,Merry,Tryck,Merry.Tryck@yopmail.com,Merry.Tryck@gmail.com,firefighter
735,Dennie,Simmonds,Dennie.Simmonds@yopmail.com,Dennie.Simmonds@gmail.com,doctor
736,Roz,Vivle,Roz.Vivle@yopmail.com,Roz.Vivle@gmail.com,developer
737,Wendi,Guildroy,Wendi.Guildroy@yopmail.com,Wendi.Guildroy@gmail.com,firefighter
738,Gabi,Cherianne,Gabi.Cherianne@yopmail.com,Gabi.Cherianne@gmail.com,police officer
739,Elfreda,Daveta,Elfreda.Daveta@yopmail.com,Elfreda.Daveta@gmail.com,doctor
740,Sherrie,Dermott,Sherrie.Dermott@yopmail.com,Sherrie.Dermott@gmail.com,doctor
741,Mallory,Margarete,Mallory.Margarete@yopmail.com,Mallory.Margarete@gmail.com,firefighter
742,Sara-Ann,Goth,Sara-Ann.Goth@yopmail.com,Sara-Ann.Goth@gmail.com,developer
743,Jany,My,Jany.My@yopmail.com,Jany.My@gmail.com,worker
744,Sheree,Cressida,Sheree.Cressida@yopmail.com,Sheree.Cressida@gmail.com,doctor
745,Wilma,Tremayne,Wilma.Tremayne@yopmail.com,Wilma.Tremayne@gmail.com,police officer
746,Gloria,Behre,Gloria.Behre@yopmail.com,Gloria.Behre@gmail.com,firefighter
747,Karly,Anselmi,Karly.Anselmi@yopmail.com,Karly.Anselmi@gmail.com,worker
748,Silvana,Drisko,Silvana.Drisko@yopmail.com,Silvana.Drisko@gmail.com,police officer
749,Phedra,Slifka,Phedra.Slifka@yopmail.com,Phedra.Slifka@gmail.com,developer
750,Rosaline,Lacombe,Rosaline.Lacombe@yopmail.com,Rosaline.Lacombe@gmail.com,police officer
751,Luci,Mike,Luci.Mike@yopmail.com,Luci.Mike@gmail.com,worker
752,Dotty,Ochs,Dotty.Ochs@yopmail.com,Dotty.Ochs@gmail.com,doctor
753,Adele,Denis,Adele.Denis@yopmail.com,Adele.Denis@gmail.com,worker
754,Tersina,Timon,Tersina.Timon@yopmail.com,Tersina.Timon@gmail.com,worker
755,Leeanne,Tremayne,Leeanne.Tremayne@yopmail.com,Leeanne.Tremayne@gmail.com,worker
756,Lizzie,Mehalek,Lizzie.Mehalek@yopmail.com,Lizzie.Mehalek@gmail.com,doctor
757,Agathe,Iiette,Agathe.Iiette@yopmail.com,Agathe.Iiette@gmail.com,police officer
758,Kathy,Eckblad,Kathy.Eckblad@yopmail.com,Kathy.Eckblad@gmail.com,developer
759,Corina,Elisha,Corina.Elisha@yopmail.com,Corina.Elisha@gmail.com,developer
760,Kimberley,Joeann,Kimberley.Joeann@yopmail.com,Kimberley.Joeann@gmail.com,worker
761,Dania,Francene,Dania.Francene@yopmail.com,Dania.Francene@gmail.com,police officer
762,Katuscha,Peti,Katuscha.Peti@yopmail.com,Katuscha.Peti@gmail.com,worker
763,Lolita,Georas,Lolita.Georas@yopmail.com,Lolita.Georas@gmail.com,developer
764,Kirbee,Dawkins,Kirbee.Dawkins@yopmail.com,Kirbee.Dawkins@gmail.com,police officer
765,Krystle,Bronk,Krystle.Bronk@yopmail.com,Krystle.Bronk@gmail.com,police officer
766,Dione,Kravits,Dione.Kravits@yopmail.com,Dione.Kravits@gmail.com,police officer
767,Noelle,Arley,Noelle.Arley@yopmail.com,Noelle.Arley@gmail.com,police officer
768,Celisse,Libna,Celisse.Libna@yopmail.com,Celisse.Libna@gmail.com,firefighter
769,Kittie,Tacye,Kittie.Tacye@yopmail.com,Kittie.Tacye@gmail.com,doctor
770,Rani,Alarise,Rani.Alarise@yopmail.com,Rani.Alarise@gmail.com,worker
771,Leia,Kare,Leia.Kare@yopmail.com,Leia.Kare@gmail.com,worker
772,Elise,Serilda,Elise.Serilda@yopmail.com,Elise.Serilda@gmail.com,firefighter
773,Ermengarde,Mitzi,Ermengarde.Mitzi@yopmail.com,Ermengarde.Mitzi@gmail.com,developer
774,Ira,Viddah,Ira.Viddah@yopmail.com,Ira.Viddah@gmail.com,police officer
775,Annora,Schwejda,Annora.Schwejda@yopmail.com,Annora.Schwejda@gmail.com,developer
776,Wileen,Edison,Wileen.Edison@yopmail.com,Wileen.Edison@gmail.com,developer
777,Consuela,Annabella,Consuela.Annabella@yopmail.com,Consuela.Annabella@gmail.com,developer
778,Dennie,Craggie,Dennie.Craggie@yopmail.com,Dennie.Craggie@gmail.com,firefighter
779,Dulce,Lanita,Dulce.Lanita@yopmail.com,Dulce.Lanita@gmail.com,doctor
780,Henriette,Lareena,Henriette.Lareena@yopmail.com,Henriette.Lareena@gmail.com,worker
781,Ursulina,Stacy,Ursulina.Stacy@yopmail.com,Ursulina.Stacy@gmail.com,firefighter
782,Dacia,Carey,Dacia.Carey@yopmail.com,Dacia.Carey@gmail.com,developer
783,Minne,Hourigan,Minne.Hourigan@yopmail.com,Minne.Hourigan@gmail.com,worker
784,Julieta,Kosey,Julieta.Kosey@yopmail.com,Julieta.Kosey@gmail.com,worker
785,Gwenneth,Atonsah,Gwenneth.Atonsah@yopmail.com,Gwenneth.Atonsah@gmail.com,police officer
786,Kylynn,Narton,Kylynn.Narton@yopmail.com,Kylynn.Narton@gmail.com,developer
787,Queenie,Etom,Queenie.Etom@yopmail.com,Queenie.Etom@gmail.com,police officer
788,Zondra,McLaughlin,Zondra.McLaughlin@yopmail.com,Zondra.McLaughlin@gmail.com,firefighter
789,Chandra,Rad,Chandra.Rad@yopmail.com,Chandra.Rad@gmail.com,developer
790,Jerry,Tybald,Jerry.Tybald@yopmail.com,Jerry.Tybald@gmail.com,doctor
791,Imojean,Rogerio,Imojean.Rogerio@yopmail.com,Imojean.Rogerio@gmail.com,developer
792,Cissiee,Kiyoshi,Cissiee.Kiyoshi@yopmail.com,Cissiee.Kiyoshi@gmail.com,worker
793,Charissa,Ade,Charissa.Ade@yopmail.com,Charissa.Ade@gmail.com,doctor
794,Barbara,Tamsky,Barbara.Tamsky@yopmail.com,Barbara.Tamsky@gmail.com,developer
795,Marsiella,Holbrook,Marsiella.Holbrook@yopmail.com,Marsiella.Holbrook@gmail.com,doctor
796,Catharine,Anton,Catharine.Anton@yopmail.com,Catharine.Anton@gmail.com,police officer
797,Rosaline,Dielu,Rosaline.Dielu@yopmail.com,Rosaline.Dielu@gmail.com,firefighter
798,Quintina,Elvyn,Quintina.Elvyn@yopmail.com,Quintina.Elvyn@gmail.com,doctor
799,Marline,Ruvolo,Marline.Ruvolo@yopmail.com,Marline.Ruvolo@gmail.com,police officer
800,Blake,Lorain,Blake.Lorain@yopmail.com,Blake.Lorain@gmail.com,firefighter
801,Tonia,Drus,Tonia.Drus@yopmail.com,Tonia.Drus@gmail.com,worker
802,Chrystel,Katrine,Chrystel.Katrine@yopmail.com,Chrystel.Katrine@gmail.com,firefighter
803,Micheline,Klemperer,Micheline.Klemperer@yopmail.com,Micheline.Klemperer@gmail.com,worker
804,Celisse,Sherrie,Celisse.Sherrie@yopmail.com,Celisse.Sherrie@gmail.com,worker
805,Agnese,Bettine,Agnese.Bettine@yopmail.com,Agnese.Bettine@gmail.com,firefighter
806,Letizia,Mullane,Letizia.Mullane@yopmail.com,Letizia.Mullane@gmail.com,doctor
807,Vevay,Hilbert,Vevay.Hilbert@yopmail.com,Vevay.Hilbert@gmail.com,worker
808,Jacquetta,Ilka,Jacquetta.Ilka@yopmail.com,Jacquetta.Ilka@gmail.com,firefighter
809,Tracey,Stevy,Tracey.Stevy@yopmail.com,Tracey.Stevy@gmail.com,developer
810,Audrie,Sparhawk,Audrie.Sparhawk@yopmail.com,Audrie.Sparhawk@gmail.com,firefighter
811,Hettie,Nester,Hettie.Nester@yopmail.com,Hettie.Nester@gmail.com,firefighter
812,Addia,Sibyls,Addia.Sibyls@yopmail.com,Addia.Sibyls@gmail.com,worker
813,Halette,Fredi,Halette.Fredi@yopmail.com,Halette.Fredi@gmail.com,firefighter
814,Codie,Hertzfeld,Codie.Hertzfeld@yopmail.com,Codie.Hertzfeld@gmail.com,worker
815,Gaylene,Tengdin,Gaylene.Tengdin@yopmail.com,Gaylene.Tengdin@gmail.com,doctor
816,Lorie,Emerson,Lorie.Emerson@yopmail.com,Lorie.Emerson@gmail.com,developer
817,Flo,Sundin,Flo.Sundin@yopmail.com,Flo.Sundin@gmail.com,worker
818,Margalo,McLaughlin,Margalo.McLaughlin@yopmail.com,Margalo.McLaughlin@gmail.com,police officer
819,Mahalia,Friede,Mahalia.Friede@yopmail.com,Mahalia.Friede@gmail.com,firefighter
820,Riannon,Autrey,Riannon.Autrey@yopmail.com,Riannon.Autrey@gmail.com,developer
821,Lita,Judye,Lita.Judye@yopmail.com,Lita.Judye@gmail.com,developer
822,Aeriela,Hutchison,Aeriela.Hutchison@yopmail.com,Aeriela.Hutchison@gmail.com,doctor
823,Marylou,Damarra,Marylou.Damarra@yopmail.com,Marylou.Damarra@gmail.com,police officer
824,Ardenia,Bethany,Ardenia.Bethany@yopmail.com,Ardenia.Bethany@gmail.com,doctor
825,Minda,Monaco,Minda.Monaco@yopmail.com,Minda.Monaco@gmail.com,worker
826,Lelah,Aurelio,Lelah.Aurelio@yopmail.com,Lelah.Aurelio@gmail.com,worker
827,Alex,Chesna,Alex.Chesna@yopmail.com,Alex.Chesna@gmail.com,developer
828,Janeczka,Garlinda,Janeczka.Garlinda@yopmail.com,Janeczka.Garlinda@gmail.com,worker
829,Celestyna,Tamar,Celestyna.Tamar@yopmail.com,Celestyna.Tamar@gmail.com,firefighter
830,Ernesta,Pozzy,Ernesta.Pozzy@yopmail.com,Ernesta.Pozzy@gmail.com,doctor
831,Aigneis,Whittaker,Aigneis.Whittaker@yopmail.com,Aigneis.Whittaker@gmail.com,police officer
832,Emilia,Olnee,Emilia.Olnee@yopmail.com,Emilia.Olnee@gmail.com,police officer
833,Addia,Euridice,Addia.Euridice@yopmail.com,Addia.Euridice@gmail.com,developer
834,Lolita,Penelopa,Lolita.Penelopa@yopmail.com,Lolita.Penelopa@gmail.com,doctor
835,Jasmina,Adalbert,Jasmina.Adalbert@yopmail.com,Jasmina.Adalbert@gmail.com,developer
836,Marsiella,Cynar,Marsiella.Cynar@yopmail.com,Marsiella.Cynar@gmail.com,firefighter
837,Tilly,Janene,Tilly.Janene@yopmail.com,Tilly.Janene@gmail.com,worker
838,Romona,Madox,Romona.Madox@yopmail.com,Romona.Madox@gmail.com,firefighter
839,Alejandra,Shanley,Alejandra.Shanley@yopmail.com,Alejandra.Shanley@gmail.com,police officer
840,Gretal,Seessel,Gretal.Seessel@yopmail.com,Gretal.Seessel@gmail.com,firefighter
841,Frances,Oneida,Frances.Oneida@yopmail.com,Frances.Oneida@gmail.com,worker
842,Wendi,Seumas,Wendi.Seumas@yopmail.com,Wendi.Seumas@gmail.com,developer
843,Moyna,Thomasina,Moyna.Thomasina@yopmail.com,Moyna.Thomasina@gmail.com,worker
844,Arlena,Center,Arlena.Center@yopmail.com,Arlena.Center@gmail.com,developer
845,Melina,Clie,Melina.Clie@yopmail.com,Melina.Clie@gmail.com,police officer
846,Rosabelle,Barrus,Rosabelle.Barrus@yopmail.com,Rosabelle.Barrus@gmail.com,doctor
847,Felice,Fitzsimmons,Felice.Fitzsimmons@yopmail.com,Felice.Fitzsimmons@gmail.com,worker
848,Modestia,Lalitta,Modestia.Lalitta@yopmail.com,Modestia.Lalitta@gmail.com,doctor
849,Lolita,Kunin,Lolita.Kunin@yopmail.com,Lolita.Kunin@gmail.com,doctor
850,Roberta,Brotherson,Roberta.Brotherson@yopmail.com,Roberta.Brotherson@gmail.com,worker
851,Gabi,Dowski,Gabi.Dowski@yopmail.com,Gabi.Dowski@gmail.com,worker
852,Calla,Cloris,Calla.Cloris@yopmail.com,Calla.Cloris@gmail.com,police officer
853,Hermione,Urania,Hermione.Urania@yopmail.com,Hermione.Urania@gmail.com,worker
854,Dotty,Tjon,Dotty.Tjon@yopmail.com,Dotty.Tjon@gmail.com,doctor
855,Almeta,Sharl,Almeta.Sharl@yopmail.com,Almeta.Sharl@gmail.com,police officer
856,Larine,Lanita,Larine.Lanita@yopmail.com,Larine.Lanita@gmail.com,developer
857,Daryl,Jethro,Daryl.Jethro@yopmail.com,Daryl.Jethro@gmail.com,doctor
858,Gabriellia,Phaidra,Gabriellia.Phaidra@yopmail.com,Gabriellia.Phaidra@gmail.com,worker
859,Violet,Germann,Violet.Germann@yopmail.com,Violet.Germann@gmail.com,worker
860,Dania,Zrike,Dania.Zrike@yopmail.com,Dania.Zrike@gmail.com,developer
861,Chastity,Selway,Chastity.Selway@yopmail.com,Chastity.Selway@gmail.com,police officer
862,Darlleen,Himelman,Darlleen.Himelman@yopmail.com,Darlleen.Himelman@gmail.com,firefighter
863,Cyndie,Leifeste,Cyndie.Leifeste@yopmail.com,Cyndie.Leifeste@gmail.com,firefighter
864,Maurene,Geffner,Maurene.Geffner@yopmail.com,Maurene.Geffner@gmail.com,developer
865,Malina,Bartlett,Malina.Bartlett@yopmail.com,Malina.Bartlett@gmail.com,firefighter
866,Maud,Doig,Maud.Doig@yopmail.com,Maud.Doig@gmail.com,developer
867,Flo,Pitt,Flo.Pitt@yopmail.com,Flo.Pitt@gmail.com,firefighter
868,Candy,Clara,Candy.Clara@yopmail.com,Candy.Clara@gmail.com,police officer
869,Donetta,Pettiford,Donetta.Pettiford@yopmail.com,Donetta.Pettiford@gmail.com,developer
870,Wynne,Michella,Wynne.Michella@yopmail.com,Wynne.Michella@gmail.com,developer
871,Aurelie,Gert,Aurelie.Gert@yopmail.com,Aurelie.Gert@gmail.com,firefighter
872,Ursulina,Pauly,Ursulina.Pauly@yopmail.com,Ursulina.Pauly@gmail.com,police officer
873,Elvira,Septima,Elvira.Septima@yopmail.com,Elvira.Septima@gmail.com,developer
874,Frieda,Sandye,Frieda.Sandye@yopmail.com,Frieda.Sandye@gmail.com,doctor
875,Shell,Sadowski,Shell.Sadowski@yopmail.com,Shell.Sadowski@gmail.com,firefighter
876,Taffy,Artie,Taffy.Artie@yopmail.com,Taffy.Artie@gmail.com,police officer
877,Elvira,Silvan,Elvira.Silvan@yopmail.com,Elvira.Silvan@gmail.com,firefighter
878,Jorry,Lissi,Jorry.Lissi@yopmail.com,Jorry.Lissi@gmail.com,worker
879,Alexine,Fry,Alexine.Fry@yopmail.com,Alexine.Fry@gmail.com,police officer
880,Deedee,Adlare,Deedee.Adlare@yopmail.com,Deedee.Adlare@gmail.com,police officer
881,Constance,Saree,Constance.Saree@yopmail.com,Constance.Saree@gmail.com,developer
882,Nollie,Goddard,Nollie.Goddard@yopmail.com,Nollie.Goddard@gmail.com,developer
883,Ann-Marie,Grosz,Ann-Marie.Grosz@yopmail.com,Ann-Marie.Grosz@gmail.com,police officer
884,Jackie,Claudine,Jackie.Claudine@yopmail.com,Jackie.Claudine@gmail.com,worker
885,Anthia,Roumell,Anthia.Roumell@yopmail.com,Anthia.Roumell@gmail.com,doctor
886,Aubrie,Gino,Aubrie.Gino@yopmail.com,Aubrie.Gino@gmail.com,worker
887,Paola,Tufts,Paola.Tufts@yopmail.com,Paola.Tufts@gmail.com,doctor
888,Maridel,Diogenes,Maridel.Diogenes@yopmail.com,Maridel.Diogenes@gmail.com,worker
889,Silvana,Nahum,Silvana.Nahum@yopmail.com,Silvana.Nahum@gmail.com,doctor
890,Tamqrah,Goerke,Tamqrah.Goerke@yopmail.com,Tamqrah.Goerke@gmail.com,police officer
891,Alexine,Darrell,Alexine.Darrell@yopmail.com,Alexine.Darrell@gmail.com,worker
892,Diena,Poppy,Diena.Poppy@yopmail.com,Diena.Poppy@gmail.com,doctor
893,Zaria,Even,Zaria.Even@yopmail.com,Zaria.Even@gmail.com,doctor
894,Eolanda,Shaver,Eolanda.Shaver@yopmail.com,Eolanda.Shaver@gmail.com,developer
895,Priscilla,Ackerley,Priscilla.Ackerley@yopmail.com,Priscilla.Ackerley@gmail.com,developer
896,Dorice,Allare,Dorice.Allare@yopmail.com,Dorice.Allare@gmail.com,doctor
897,Perry,Kravits,Perry.Kravits@yopmail.com,Perry.Kravits@gmail.com,doctor
898,Brynna,Blake,Brynna.Blake@yopmail.com,Brynna.Blake@gmail.com,developer
899,Joeann,Hessler,Joeann.Hessler@yopmail.com,Joeann.Hessler@gmail.com,doctor
900,Caryl,Raama,Caryl.Raama@yopmail.com,Caryl.Raama@gmail.com,worker
901,Merci,Klemperer,Merci.Klemperer@yopmail.com,Merci.Klemperer@gmail.com,doctor
902,Elena,Tillford,Elena.Tillford@yopmail.com,Elena.Tillford@gmail.com,developer
903,Teriann,Engdahl,Teriann.Engdahl@yopmail.com,Teriann.Engdahl@gmail.com,worker
904,Ekaterina,Virgin,Ekaterina.Virgin@yopmail.com,Ekaterina.Virgin@gmail.com,police officer
905,Dari,Cadmar,Dari.Cadmar@yopmail.com,Dari.Cadmar@gmail.com,developer
906,Amalie,Peti,Amalie.Peti@yopmail.com,Amalie.Peti@gmail.com,developer
907,Hayley,Morgun,Hayley.Morgun@yopmail.com,Hayley.Morgun@gmail.com,firefighter
908,Britni,Deegan,Britni.Deegan@yopmail.com,Britni.Deegan@gmail.com,worker
909,Grier,Hirsch,Grier.Hirsch@yopmail.com,Grier.Hirsch@gmail.com,police officer
910,Tybie,Erb,Tybie.Erb@yopmail.com,Tybie.Erb@gmail.com,worker
911,Millie,Thilda,Millie.Thilda@yopmail.com,Millie.Thilda@gmail.com,developer
912,Antonietta,Roarke,Antonietta.Roarke@yopmail.com,Antonietta.Roarke@gmail.com,police officer
913,Gabi,Fiester,Gabi.Fiester@yopmail.com,Gabi.Fiester@gmail.com,worker
914,Gisela,Ophelia,Gisela.Ophelia@yopmail.com,Gisela.Ophelia@gmail.com,developer
915,Lindie,Emanuel,Lindie.Emanuel@yopmail.com,Lindie.Emanuel@gmail.com,developer
916,Joceline,Brotherson,Joceline.Brotherson@yopmail.com,Joceline.Brotherson@gmail.com,police officer
917,Britte,Greenwald,Britte.Greenwald@yopmail.com,Britte.Greenwald@gmail.com,developer
918,Hyacinthe,Horan,Hyacinthe.Horan@yopmail.com,Hyacinthe.Horan@gmail.com,doctor
919,Amara,Tillford,Amara.Tillford@yopmail.com,Amara.Tillford@gmail.com,police officer
920,Ida,Silvan,Ida.Silvan@yopmail.com,Ida.Silvan@gmail.com,firefighter
921,Aimil,Doig,Aimil.Doig@yopmail.com,Aimil.Doig@gmail.com,developer
922,Tatiania,Lamoree,Tatiania.Lamoree@yopmail.com,Tatiania.Lamoree@gmail.com,firefighter
923,Bettine,Hamil,Bettine.Hamil@yopmail.com,Bettine.Hamil@gmail.com,police officer
924,Ardys,Sabella,Ardys.Sabella@yopmail.com,Ardys.Sabella@gmail.com,doctor
925,Magdalena,Wolfgram,Magdalena.Wolfgram@yopmail.com,Magdalena.Wolfgram@gmail.com,firefighter
926,Wendi,Palocz,Wendi.Palocz@yopmail.com,Wendi.Palocz@gmail.com,police officer
927,Tracey,Nerita,Tracey.Nerita@yopmail.com,Tracey.Nerita@gmail.com,police officer
928,Ilse,Creamer,Ilse.Creamer@yopmail.com,Ilse.Creamer@gmail.com,worker
929,Danny,Kevon,Danny.Kevon@yopmail.com,Danny.Kevon@gmail.com,developer
930,Georgetta,Colleen,Georgetta.Colleen@yopmail.com,Georgetta.Colleen@gmail.com,worker
931,Hayley,Trinetta,Hayley.Trinetta@yopmail.com,Hayley.Trinetta@gmail.com,worker
932,Elsie,Cohdwell,Elsie.Cohdwell@yopmail.com,Elsie.Cohdwell@gmail.com,police officer
933,Gale,Rebecka,Gale.Rebecka@yopmail.com,Gale.Rebecka@gmail.com,police officer
934,Leona,Screens,Leona.Screens@yopmail.com,Leona.Screens@gmail.com,firefighter
935,Maurene,Durante,Maurene.Durante@yopmail.com,Maurene.Durante@gmail.com,firefighter
936,Ilse,Colyer,Ilse.Colyer@yopmail.com,Ilse.Colyer@gmail.com,worker
937,Ruthe,Mich,Ruthe.Mich@yopmail.com,Ruthe.Mich@gmail.com,developer
938,Jsandye,Vernier,Jsandye.Vernier@yopmail.com,Jsandye.Vernier@gmail.com,worker
939,Alie,Haerr,Alie.Haerr@yopmail.com,Alie.Haerr@gmail.com,firefighter
940,Catharine,Cherianne,Catharine.Cherianne@yopmail.com,Catharine.Cherianne@gmail.com,worker
941,Rayna,Keelia,Rayna.Keelia@yopmail.com,Rayna.Keelia@gmail.com,police officer
942,Allyce,Roumell,Allyce.Roumell@yopmail.com,Allyce.Roumell@gmail.com,worker
943,Leia,Bendick,Leia.Bendick@yopmail.com,Leia.Bendick@gmail.com,firefighter
944,Krystle,Olin,Krystle.Olin@yopmail.com,Krystle.Olin@gmail.com,police officer
945,Mara,Deny,Mara.Deny@yopmail.com,Mara.Deny@gmail.com,developer
946,Vanessa,Hutchison,Vanessa.Hutchison@yopmail.com,Vanessa.Hutchison@gmail.com,firefighter
947,Dione,Tannie,Dione.Tannie@yopmail.com,Dione.Tannie@gmail.com,developer
948,Lucy,Blisse,Lucy.Blisse@yopmail.com,Lucy.Blisse@gmail.com,firefighter
949,Antonietta,Danby,Antonietta.Danby@yopmail.com,Antonietta.Danby@gmail.com,developer
950,Modestia,Anis,Modestia.Anis@yopmail.com,Modestia.Anis@gmail.com,doctor
951,Amelia,Daegal,Amelia.Daegal@yopmail.com,Amelia.Daegal@gmail.com,police officer
952,Ursulina,Hedve,Ursulina.Hedve@yopmail.com,Ursulina.Hedve@gmail.com,developer
953,Emma,Astra,Emma.Astra@yopmail.com,Emma.Astra@gmail.com,doctor
954,Larine,Creamer,Larine.Creamer@yopmail.com,Larine.Creamer@gmail.com,developer
955,Demetris,Lipson,Demetris.Lipson@yopmail.com,Demetris.Lipson@gmail.com,doctor
956,Katharina,Janene,Katharina.Janene@yopmail.com,Katharina.Janene@gmail.com,police officer
957,Carree,Natalia,Carree.Natalia@yopmail.com,Carree.Natalia@gmail.com,police officer
958,Brietta,Telfer,Brietta.Telfer@yopmail.com,Brietta.Telfer@gmail.com,firefighter
959,Madeleine,Dituri,Madeleine.Dituri@yopmail.com,Madeleine.Dituri@gmail.com,firefighter
960,Kore,Forrer,Kore.Forrer@yopmail.com,Kore.Forrer@gmail.com,developer
961,Keelia,Dielu,Keelia.Dielu@yopmail.com,Keelia.Dielu@gmail.com,firefighter
962,Mariann,Seligman,Mariann.Seligman@yopmail.com,Mariann.Seligman@gmail.com,worker
963,Monika,Eachern,Monika.Eachern@yopmail.com,Monika.Eachern@gmail.com,developer
964,Yvonne,Malanie,Yvonne.Malanie@yopmail.com,Yvonne.Malanie@gmail.com,firefighter
965,Frieda,Maxi,Frieda.Maxi@yopmail.com,Frieda.Maxi@gmail.com,police officer
966,Charlena,Baylor,Charlena.Baylor@yopmail.com,Charlena.Baylor@gmail.com,police officer
967,Elora,Edmund,Elora.Edmund@yopmail.com,Elora.Edmund@gmail.com,worker
968,Heida,Seligman,Heida.Seligman@yopmail.com,Heida.Seligman@gmail.com,doctor
969,Farrah,Klotz,Farrah.Klotz@yopmail.com,Farrah.Klotz@gmail.com,worker
970,Babita,Maiah,Babita.Maiah@yopmail.com,Babita.Maiah@gmail.com,worker
971,Magdalena,Ariella,Magdalena.Ariella@yopmail.com,Magdalena.Ariella@gmail.com,developer
972,Amelia,Ophelia,Amelia.Ophelia@yopmail.com,Amelia.Ophelia@gmail.com,doctor
973,Celestyna,Smitt,Celestyna.Smitt@yopmail.com,Celestyna.Smitt@gmail.com,developer
974,Esmeralda,Belldas,Esmeralda.Belldas@yopmail.com,Esmeralda.Belldas@gmail.com,developer
975,Beatriz,Ahab,Beatriz.Ahab@yopmail.com,Beatriz.Ahab@gmail.com,developer
976,Brandise,Bendick,Brandise.Bendick@yopmail.com,Brandise.Bendick@gmail.com,developer
977,Joy,Greyson,Joy.Greyson@yopmail.com,Joy.Greyson@gmail.com,worker
978,Dotty,Swigart,Dotty.Swigart@yopmail.com,Dotty.Swigart@gmail.com,doctor
979,Vinita,Emerson,Vinita.Emerson@yopmail.com,Vinita.Emerson@gmail.com,developer
980,Jinny,Stav,Jinny.Stav@yopmail.com,Jinny.Stav@gmail.com,worker
981,Carree,Joli,Carree.Joli@yopmail.com,Carree.Joli@gmail.com,police officer
982,Jordan,Morrill,Jordan.Morrill@yopmail.com,Jordan.Morrill@gmail.com,firefighter
983,Dale,Kesley,Dale.Kesley@yopmail.com,Dale.Kesley@gmail.com,firefighter
984,Correy,Graig,Correy.Graig@yopmail.com,Correy.Graig@gmail.com,doctor
985,Christal,Bollay,Christal.Bollay@yopmail.com,Christal.Bollay@gmail.com,worker
986,Ekaterina,Hamil,Ekaterina.Hamil@yopmail.com,Ekaterina.Hamil@gmail.com,doctor
987,Asia,Ventre,Asia.Ventre@yopmail.com,Asia.Ventre@gmail.com,doctor
988,Steffane,Morgun,Steffane.Morgun@yopmail.com,Steffane.Morgun@gmail.com,worker
989,Neila,Kirbee,Neila.Kirbee@yopmail.com,Neila.Kirbee@gmail.com,police officer
990,Kimberley,Fadiman,Kimberley.Fadiman@yopmail.com,Kimberley.Fadiman@gmail.com,doctor
991,Debee,Mich,Debee.Mich@yopmail.com,Debee.Mich@gmail.com,firefighter
992,Esmeralda,Girardo,Esmeralda.Girardo@yopmail.com,Esmeralda.Girardo@gmail.com,developer
993,Andree,Mitzi,Andree.Mitzi@yopmail.com,Andree.Mitzi@gmail.com,doctor
994,Nannie,Thema,Nannie.Thema@yopmail.com,Nannie.Thema@gmail.com,worker
995,Kamilah,Valoniah,Kamilah.Valoniah@yopmail.com,Kamilah.Valoniah@gmail.com,developer
996,Renae,Harriman,Renae.Harriman@yopmail.com,Renae.Harriman@gmail.com,developer
997,Aigneis,Kirstin,Aigneis.Kirstin@yopmail.com,Aigneis.Kirstin@gmail.com,firefighter
998,Maridel,Phi,Maridel.Phi@yopmail.com,Maridel.Phi@gmail.com,firefighter
999,Brooks,Florina,Brooks.Florina@yopmail.com,Brooks.Florina@gmail.com,firefighter
1000,Chloris,Ioab,Chloris.Ioab@yopmail.com,Chloris.Ioab@gmail.com,doctor
1001,Allis,Khorma,Allis.Khorma@yopmail.com,Allis.Khorma@gmail.com,doctor
1002,Rhoda,Honoria,Rhoda.Honoria@yopmail.com,Rhoda.Honoria@gmail.com,firefighter
1003,Miquela,Aldric,Miquela.Aldric@yopmail.com,Miquela.Aldric@gmail.com,worker
1004,Rosabelle,Juliet,Rosabelle.Juliet@yopmail.com,Rosabelle.Juliet@gmail.com,police officer
1005,Rosaline,Jotham,Rosaline.Jotham@yopmail.com,Rosaline.Jotham@gmail.com,police officer
1006,Susan,Othilia,Susan.Othilia@yopmail.com,Susan.Othilia@gmail.com,police officer
1007,Mellicent,Merat,Mellicent.Merat@yopmail.com,Mellicent.Merat@gmail.com,worker
1008,Eolanda,Hoban,Eolanda.Hoban@yopmail.com,Eolanda.Hoban@gmail.com,doctor
1009,Clarice,Holbrook,Clarice.Holbrook@yopmail.com,Clarice.Holbrook@gmail.com,firefighter
1010,Ingrid,Oscar,Ingrid.Oscar@yopmail.com,Ingrid.Oscar@gmail.com,developer
1011,Rosene,Wilona,Rosene.Wilona@yopmail.com,Rosene.Wilona@gmail.com,worker
1012,Elka,Mata,Elka.Mata@yopmail.com,Elka.Mata@gmail.com,doctor
1013,Nannie,Duwalt,Nannie.Duwalt@yopmail.com,Nannie.Duwalt@gmail.com,worker
1014,Larine,Chick,Larine.Chick@yopmail.com,Larine.Chick@gmail.com,developer
1015,Damaris,Seumas,Damaris.Seumas@yopmail.com,Damaris.Seumas@gmail.com,developer
1016,Selma,Herrera,Selma.Herrera@yopmail.com,Selma.Herrera@gmail.com,firefighter
1017,Zia,Palocz,Zia.Palocz@yopmail.com,Zia.Palocz@gmail.com,developer
1018,Brandise,Gregrory,Brandise.Gregrory@yopmail.com,Brandise.Gregrory@gmail.com,police officer
1019,Johna,Harriman,Johna.Harriman@yopmail.com,Johna.Harriman@gmail.com,developer
1020,Fernande,Swigart,Fernande.Swigart@yopmail.com,Fernande.Swigart@gmail.com,developer
1021,Jan,Virgin,Jan.Virgin@yopmail.com,Jan.Virgin@gmail.com,developer
1022,Brynna,Winnick,Brynna.Winnick@yopmail.com,Brynna.Winnick@gmail.com,worker
1023,Mureil,Zetta,Mureil.Zetta@yopmail.com,Mureil.Zetta@gmail.com,developer
1024,Viki,Etom,Viki.Etom@yopmail.com,Viki.Etom@gmail.com,developer
1025,Donetta,Etom,Donetta.Etom@yopmail.com,Donetta.Etom@gmail.com,developer
1026,Jaime,Melony,Jaime.Melony@yopmail.com,Jaime.Melony@gmail.com,firefighter
1027,Yetty,Pacorro,Yetty.Pacorro@yopmail.com,Yetty.Pacorro@gmail.com,firefighter
1028,Brooks,Annice,Brooks.Annice@yopmail.com,Brooks.Annice@gmail.com,firefighter
1029,Verla,Catie,Verla.Catie@yopmail.com,Verla.Catie@gmail.com,worker
1030,Fidelia,Bergman,Fidelia.Bergman@yopmail.com,Fidelia.Bergman@gmail.com,worker
1031,Tersina,Lowry,Tersina.Lowry@yopmail.com,Tersina.Lowry@gmail.com,developer
1032,Jean,Ader,Jean.Ader@yopmail.com,Jean.Ader@gmail.com,doctor
1033,Pollyanna,Eckblad,Pollyanna.Eckblad@yopmail.com,Pollyanna.Eckblad@gmail.com,developer
1034,Jsandye,Obed,Jsandye.Obed@yopmail.com,Jsandye.Obed@gmail.com,firefighter
1035,Sheree,Carleen,Sheree.Carleen@yopmail.com,Sheree.Carleen@gmail.com,doctor
1036,Melina,Sherfield,Melina.Sherfield@yopmail.com,Melina.Sherfield@gmail.com,police officer
1037,Josephine,Buttaro,Josephine.Buttaro@yopmail.com,Josephine.Buttaro@gmail.com,worker
1038,Georgetta,Blake,Georgetta.Blake@yopmail.com,Georgetta.Blake@gmail.com,worker
1039,Madalyn,Stover,Madalyn.Stover@yopmail.com,Madalyn.Stover@gmail.com,police officer
1040,Elena,Bettine,Elena.Bettine@yopmail.com,Elena.Bettine@gmail.com,police officer
1041,Meriel,Ochs,Meriel.Ochs@yopmail.com,Meriel.Ochs@gmail.com,police officer
1042,Nollie,Taam,Nollie.Taam@yopmail.com,Nollie.Taam@gmail.com,firefighter
1043,Andeee,Colbert,Andeee.Colbert@yopmail.com,Andeee.Colbert@gmail.com,firefighter
1044,Yetty,Rustice,Yetty.Rustice@yopmail.com,Yetty.Rustice@gmail.com,doctor
1045,Jan,Evvie,Jan.Evvie@yopmail.com,Jan.Evvie@gmail.com,firefighter
1046,Berta,Madox,Berta.Madox@yopmail.com,Berta.Madox@gmail.com,developer
1047,Shaine,Dudley,Shaine.Dudley@yopmail.com,Shaine.Dudley@gmail.com,worker
1048,Fayre,Merna,Fayre.Merna@yopmail.com,Fayre.Merna@gmail.com,doctor
1049,Gratia,Chick,Gratia.Chick@yopmail.com,Gratia.Chick@gmail.com,developer
1050,Nadine,Colleen,Nadine.Colleen@yopmail.com,Nadine.Colleen@gmail.com,police officer
1051,Fredericka,Henrie,Fredericka.Henrie@yopmail.com,Fredericka.Henrie@gmail.com,police officer
1052,Hermione,Cordi,Hermione.Cordi@yopmail.com,Hermione.Cordi@gmail.com,worker
1053,Kristina,Kannry,Kristina.Kannry@yopmail.com,Kristina.Kannry@gmail.com,police officer
1054,Reeba,Kiyoshi,Reeba.Kiyoshi@yopmail.com,Reeba.Kiyoshi@gmail.com,doctor
1055,Eadie,Hortensia,Eadie.Hortensia@yopmail.com,Eadie.Hortensia@gmail.com,firefighter
1056,Kaia,Slifka,Kaia.Slifka@yopmail.com,Kaia.Slifka@gmail.com,worker
1057,Camile,Leifeste,Camile.Leifeste@yopmail.com,Camile.Leifeste@gmail.com,firefighter
1058,Celene,Edison,Celene.Edison@yopmail.com,Celene.Edison@gmail.com,firefighter
1059,Lanae,Millda,Lanae.Millda@yopmail.com,Lanae.Millda@gmail.com,doctor
1060,Janeczka,Anselmi,Janeczka.Anselmi@yopmail.com,Janeczka.Anselmi@gmail.com,police officer
1061,Alia,Tice,Alia.Tice@yopmail.com,Alia.Tice@gmail.com,doctor
1062,Shirlee,Atcliffe,Shirlee.Atcliffe@yopmail.com,Shirlee.Atcliffe@gmail.com,police officer
1063,Debee,Munn,Debee.Munn@yopmail.com,Debee.Munn@gmail.com,police officer
1064,Goldie,Podvin,Goldie.Podvin@yopmail.com,Goldie.Podvin@gmail.com,firefighter
1065,Marleah,Reneta,Marleah.Reneta@yopmail.com,Marleah.Reneta@gmail.com,police officer
1066,Cam,Lenny,Cam.Lenny@yopmail.com,Cam.Lenny@gmail.com,developer
1067,Helsa,Ariella,Helsa.Ariella@yopmail.com,Helsa.Ariella@gmail.com,doctor
1068,Paule,Sparhawk,Paule.Sparhawk@yopmail.com,Paule.Sparhawk@gmail.com,worker
1069,Karly,Odysseus,Karly.Odysseus@yopmail.com,Karly.Odysseus@gmail.com,firefighter
1070,Marline,Sikorski,Marline.Sikorski@yopmail.com,Marline.Sikorski@gmail.com,police officer
1071,Heddie,Dermott,Heddie.Dermott@yopmail.com,Heddie.Dermott@gmail.com,firefighter
1072,Caryl,Cavan,Caryl.Cavan@yopmail.com,Caryl.Cavan@gmail.com,worker
1073,Basia,Liebermann,Basia.Liebermann@yopmail.com,Basia.Liebermann@gmail.com,developer
1074,Berget,Persse,Berget.Persse@yopmail.com,Berget.Persse@gmail.com,doctor
1075,Lynnea,Bobbee,Lynnea.Bobbee@yopmail.com,Lynnea.Bobbee@gmail.com,developer
1076,Madeleine,Capello,Madeleine.Capello@yopmail.com,Madeleine.Capello@gmail.com,worker
1077,Lauryn,Percy,Lauryn.Percy@yopmail.com,Lauryn.Percy@gmail.com,doctor
1078,Angelique,Goddard,Angelique.Goddard@yopmail.com,Angelique.Goddard@gmail.com,worker
1079,Kristina,Regan,Kristina.Regan@yopmail.com,Kristina.Regan@gmail.com,doctor
1080,Angela,Sheedy,Angela.Sheedy@yopmail.com,Angela.Sheedy@gmail.com,police officer
1081,Pamella,Felizio,Pamella.Felizio@yopmail.com,Pamella.Felizio@gmail.com,police officer
1082,Marjie,Brandice,Marjie.Brandice@yopmail.com,Marjie.Brandice@gmail.com,doctor
1083,Tina,Posner,Tina.Posner@yopmail.com,Tina.Posner@gmail.com,doctor
1084,Quintina,Sinegold,Quintina.Sinegold@yopmail.com,Quintina.Sinegold@gmail.com,worker
1085,Abbie,Tomasina,Abbie.Tomasina@yopmail.com,Abbie.Tomasina@gmail.com,firefighter
1086,Emylee,Aida,Emylee.Aida@yopmail.com,Emylee.Aida@gmail.com,developer
1087,Rochette,Dielu,Rochette.Dielu@yopmail.com,Rochette.Dielu@gmail.com,firefighter
1088,Doro,Sikorski,Doro.Sikorski@yopmail.com,Doro.Sikorski@gmail.com,developer
1089,Penelopa,Destinee,Penelopa.Destinee@yopmail.com,Penelopa.Destinee@gmail.com,firefighter
1090,Ofilia,Bord,Ofilia.Bord@yopmail.com,Ofilia.Bord@gmail.com,firefighter
1091,Charissa,Sammons,Charissa.Sammons@yopmail.com,Charissa.Sammons@gmail.com,doctor
1092,Wendi,Luhe,Wendi.Luhe@yopmail.com,Wendi.Luhe@gmail.com,doctor
1093,Hope,Skell,Hope.Skell@yopmail.com,Hope.Skell@gmail.com,worker
1094,Tina,Joseph,Tina.Joseph@yopmail.com,Tina.Joseph@gmail.com,doctor
1095,Ofilia,Craggie,Ofilia.Craggie@yopmail.com,Ofilia.Craggie@gmail.com,worker
1096,Riannon,Haerr,Riannon.Haerr@yopmail.com,Riannon.Haerr@gmail.com,doctor
1097,Hollie,Abram,Hollie.Abram@yopmail.com,Hollie.Abram@gmail.com,doctor
1098,Mamie,Casimir,Mamie.Casimir@yopmail.com,Mamie.Casimir@gmail.com,police officer
1099,Gratia,Ajay,Gratia.Ajay@yopmail.com,Gratia.Ajay@gmail.com,worker